,Brands,Styles,Prices,Available_in_Multiple_Colors
0,adidas,Nemeziz 19.3 TF,399,Tidak
1,adidas,Pro Next 2019,375,Tidak
2,Fila,Drifter Haze Slides,155,Tidak
3,Robert Wood,Leather Cross Strap Sandals,159,Tidak
4,Nike,Air Versitile IV,399,Tidak
5,Nike,Md Runner 2,369,Tidak
6,Seventy Five,Alex Sneakers,139,Tidak
7,Burton,Espadrille Slip Ons,149,Tidak
8,adidas,Duramo Slide,89,Tidak
9,Skechers,Zubazz,265,Tidak
10,adidas,Eezay Flip Flop,99,Tidak
11,Skechers,Go Walk Evolution Ultra,265,Ya
12,Jack & Jones,Trent Sneakers,219,Tidak
13,Skechers,Go Walk Max,235,Tidak
14,Skechers,Harsen,295,Tidak
15,Nike,Revolution 4 EU,269,Tidak
16,Nike,Renew Arena,399,Tidak
17,Nike,SB Check Solar Cnvs,269,Tidak
18,Seventy Five,Padded Sneakers,119,Ya
19,Robert Wood,Oxford Boots,149,Ya
20,Puma,Rogue X Knit,360,Tidak
21,Seventy Five,Graze Sneakers,119,Ya
22,Seventy Five,Old School Sneakers,79,Ya
23,Jack & Jones,Bane Sneakers,185,Ya
24,adidas,Galaxy 4,275,Tidak
25,Aldo,Preilia Sneakers,329,Tidak
26,adidas,UltraBoost 19,899,Tidak
27,Skechers,Go Walk 4,275,Tidak
28,Converse,Chuck Taylor All Star 70s,299,Tidak
29,Skechers,Go Run Mojo,285,Tidak
30,Calvin Klein,Logo Pool Slides,209,Ya
31,adidas,Predator 19.4 TF,275,Tidak
32,Aldo,Taliven Thongs,179,Ya
33,Nike,Ebernon Low,369,Ya
34,Jack & Jones,Barton Sneakers,185,Tidak
35,Guess,Elfino 2 Slides,145,Ya
36,adidas Originals,Deerupt Runner,499,Ya
37,adidas,Adilette Comfort Slides,189,Tidak
38,Skechers,Bounder,245,Ya
39,Robert Wood,Classic Oxford Lace Ups,139,Ya
40,Skechers,Equalizer 3.0,245,Tidak
41,Robert Wood,Faux Suede Moccasins,139,Ya
42,Brave Soul,On Tour Slides,49,Tidak
43,adidas,Duramo 9,300,Tidak
44,Seventy Five,Chunky Sneakers,139,Ya
45,Puma,Interflex Runner,225,Ya
46,Puma,Popcat Slides,120,Tidak
47,Robert Wood,Wing Cap Brogue Casual Lace Ups,119,Tidak
48,Aldo,Fildes Slip Ons,469,Ya
49,Topman,Casual Lace Ups,149,Ya
50,Call It Spring,Delabo Slip Ons,209,Ya
51,Aldo,Tassel loafer,519,Ya
52,Nike,Benassi JDI Slides,149,Tidak
53,Diesel,Briian Flip Flops,225,Ya
54,Nike,Benassi Solarsoft,169,Tidak
55,Skechers,Matera,265,Tidak
56,adidas,CF Adilette Slides,115,Tidak
57,adidas,Predator 19.3 TF,399,Tidak
58,Seventy Five,Oxford Sneakers,79,Ya
59,Skechers,Mule Slip Ons,215,Ya
60,adidas,Asweerun,249,Tidak
61,Nike,Todos,299,Tidak
62,Skechers,Terraza,235,Ya
63,Call It Spring,Jickson Flip Flops,129,Ya
64,Seventy Five,Perforated Detail Sneakers,119,Tidak
65,Robert Wood,Casual Evening Sneakers,119,Ya
66,Asics,GEL-Kayano 5 360,765,Tidak
67,Nike,Benassi JDI Print,149,Tidak
68,Seventy Five,Elastic Casual Slip Ons,109,Ya
69,Puma,Leadcat Suede Slides,180,Tidak
70,Puma,Puma Smash V2 L,255,Tidak
71,Seventy Five,Pull On Knitted Sneakers,119,Ya
72,Seventy Five,Pull On Sneakers,119,Ya
73,Skechers,Reggae,275,Tidak
74,Nike,Air Max Alpha Savage,499,Tidak
75,Seventy Five,Webbing Detail Sneakers,119,Tidak
76,Robert Wood,Weaved Faux Leather Classic Slip Ons,119,Tidak
77,Jack & Jones,Espadrille Slip Ons,95,Tidak
78,Skechers,Parton,265,Tidak
79,Skechers,Flex Advantage 3.0,245,Tidak
80,Skechers,Haniger,225,Tidak
81,Jack & Jones,Croxton Double Strap Sandals,149,Ya
82,Puma,Rebound LayUp Lo SL,270,Tidak
83,Skechers,Padded Slide Sandal,115,Tidak
84,Steve Madden,Dwian Sandals,449,Tidak
85,Skechers,Equalizer 3.0,265,Tidak
86,Puma,RB Playoff L,315,Tidak
87,adidas Originals,Continental 80 Strap,475,Tidak
88,Converse,Courtlandt,199,Ya
89,Skechers,Gambix,115,Tidak
90,Seventy Five,Snake Print Knitted Sneakers,139,Ya
91,Topman,Boston Penny Loafers,245,Ya
92,Skechers,Elite Flex,285,Tidak
93,Skechers,Equalizer 2.0,290,Tidak
94,adidas,Adilette Shower Slides,115,Tidak
95,Molton Brown,Ylang-Ylang Reeds Diffuser,325,Ya
96,Vans,Old Skool,289,Tidak
97,adidas,Alphabounce Slide,209,Tidak
98,adidas,Adilette CF+ Mono Slides,189,Tidak
99,Robert Wood,Classic Leather Lace Ups,259,Ya
100,Skechers,Element Ultra,295,Tidak
101,Tommy Hilfiger,Logo Pool Slides,210,Tidak
102,adidas,Own The Game,299,Tidak
103,Skechers,Crossbay Slides,105,Tidak
104,Skechers,Matera,245,Ya
105,Tommy Hilfiger,Reflective Logo Patch Pool Slides,210,Tidak
106,Seventy Five,Webbing Detail Slides,49,Ya
107,Nike,Downshifter 9,329,Tidak
108,Reebok,Lite,255,Tidak
109,Nike,Mamba Focus,549,Tidak
110,Jack & Jones,Thai Sneakers,185,Ya
111,Skechers,Vibe Ultra,295,Tidak
112,Skechers,Superior,245,Tidak
113,Brave Soul,Dawson Cross Strap Sandals,69,Tidak
114,adidas,Duramo 9,300,Ya
115,Nike,Kyrie 5 Bandulu,649,Tidak
116,Nike,Legend 8 Club FG,279,Tidak
117,Robert Wood,Faux Suede and Leather Chelsea Boots,159,Ya
118,Aldo,Gerawen Lace Ups,569,Ya
119,Skechers,Matera,265,Ya
120,Nike,SB Charge SLR PRM,269,Ya
121,Nike,Court Lite 2,349,Tidak
122,adidas Originals,Coast Star,375,Tidak
123,Tommy Hilfiger,Harlow 1D Sneakers,289,Tidak
124,Tommy Hilfiger,Corporate Leather Sneakers,449,Tidak
125,Robert Wood,Classic Moccaisns,119,Ya
126,Seventy Five,Knitted Sneakers,139,Ya
127,Jack & Jones,Vision Classic Mixed Sneakers,165,Tidak
128,Puma,Wired,245,Tidak
129,Nike,Flex Control TR3,399,Tidak
130,Nike,Court Royale,299,Tidak
131,Nike,Mercurial Vapor Club 12 FG,279,Tidak
132,Reebok,Lite,255,Ya
133,Seventy Five,Chunky Dad Sneakers,159,Tidak
134,Reebok,Astroride Essential,255,Tidak
135,Reebok,Quick Motion,225,Tidak
136,Robert Wood,Chukka Boots,139,Ya
137,Skechers,D'Lites 3.0,375,Tidak
138,Robert Wood,Classic Saddle Detail Moccasins,119,Ya
139,Nike,Flex Contact 3,399,Tidak
140,Fila,Ray,475,Tidak
141,Robert Wood,Casual Lace Ups,139,Ya
142,Asics,Upcourt 3,235,Tidak
143,Skechers,Haniger- Casspi,225,Tidak
144,Havaianas,Classic Flip Flops,110,Tidak
145,Nike,Vapor 13 Club TF,279,Tidak
146,Tommy Hilfiger,Logo Flag Detail  Sneakers,465,Tidak
147,Nike,The Premier II Sala,469,Tidak
148,Tommy Hilfiger,Corporate Flag Runners,420,Tidak
149,Tommy Hilfiger,Essential Vulcanized Sneakers,465,Tidak
150,Robert Wood,Braided Saddle Formal Slip Ons,129,Tidak
151,Diesel,Valla Logo Slides,225,Ya
152,Nike,Air Monarch IV,299,Tidak
153,Tommy Hilfiger,Chunky Material Mix Sneakers,589,Tidak
154,Nike,Free RN Flyknit 3.0,649,Tidak
155,Tommy Hilfiger,Signature Casual Lace Ups,629,Tidak
156,Tommy Hilfiger,Casual Boots,715,Tidak
157,Skechers,Go Walk Premium,365,Ya
158,adidas Originals,Adilette Slides,165,Tidak
159,Tommy Hilfiger,Seasonal Driver Lofers,629,Ya
160,Robert Wood,Classic Moccasins,139,Ya
161,Robert Wood,Faux Suede Moccasins,119,Tidak
162,Robert Wood,Faux Leather Casual Lace Ups,119,Tidak
163,Robert Wood,Brogue Formal Slip Ons,119,Ya
164,Under Armour,HOVR Phantom SE,699,Ya
165,Fila,Vault CMR Jogger CB Low,475,Tidak
166,adidas Originals,Continental 80,475,Tidak
167,Under Armour,Charged Rogue Twist Ice,399,Tidak
168,Skechers,Go Walk Revolution Ultra,335,Ya
169,Timberland,Boot Sauce: Cleaner,35,Tidak
170,Polo Ralph Lauren,Rodwel Slides,239,Ya
171,Aldo,Miraonna Slip ons,339,Tidak
172,Comfort Plus,Double Strap Sandals,190,Tidak
173,Lacoste,Marice Slip Ons,309,Ya
174,Ecco,Collin 2.0 Slip ons,699,Tidak
175,Jack & Jones,Nova Cross Strap Sandals,109,Tidak
176,adidas Originals,Ozweego,475,Tidak
177,adidas,Edge Flex,375,Ya
178,Seventy Five,Knitted Sneakers,149,Tidak
179,Puma,NRGY Star Slip-On,320,Tidak
180,Seventy Five,Laced Slip Ons,129,Ya
181,adidas,Adilette Comfort,189,Ya
182,adidas,Nemeziz 19.4 TF,275,Tidak
183,Jack & Jones,Jamie Sneakers,185,Tidak
184,Seventy Five,Pop Sneakers,139,Tidak
185,adidas,Ultraboost 19,899,Tidak
186,Robert Wood,Light Weight Perforated Slip Ons,119,Ya
187,adidas,X 19.4 FG,249,Tidak
188,Nike,Jordan Break Slides,229,Tidak
189,adidas,Sensebounce+,475,Ya
190,Nike,Legend Trainer,329,Tidak
191,adidas,Asweerun,250,Tidak
192,adidas,Sensebounce+,475,Tidak
193,Nike,Air Max Graviton,529,Tidak
194,Nike,Air Heights,429,Tidak
195,Vans,Comfycush Old Skool,309,Tidak
196,Nike,Jordan 2X3,599,Tidak
197,Converse,Chuck Taylor All Star,269,Ya
198,Puma,Rogue X Metallic,360,Tidak
199,Puma,LQDCELL Tension,450,Tidak
200,adidas Originals,EQT Gazelle,499,Tidak
201,adidas,Copa 19.4 TF,239,Tidak
202,adidas,Nemeziz 19.3 Ll TF,475,Tidak
203,Robert Wood,Cross Strap Sandals,69,Ya
204,Skechers,Harper,260,Ya
205,Puma,Purecat Slides,80,Ya
206,Skechers,Bounder,225,Ya
207,Skechers,Go Run Mojo,265,Tidak
208,Puma,SF Ferrari Drift Cat 5 Ultra II,450,Tidak
209,Reebok,Royal Classics Jogger 2,270,Tidak
210,Skechers,Go Walk 5,265,Tidak
211,Skechers,Men Sports,130,Tidak
212,Call It Spring,Jickson Flip Flops,129,Tidak
213,Tommy Hilfiger,City Color Block Sneakers,369,Tidak
214,Nike,Delfine,429,Tidak
215,Aldo,Araysen Slides,179,Tidak
216,Tommy Hilfiger,Flag Mesh Sneakers,535,Tidak
217,Skechers,Depth Charge - Up To Snuff,290,Tidak
218,Skechers,Terrabite- Turbary,330,Tidak
219,Converse,Chuck Taylor All Star,279,Tidak
220,Skechers,Summits,230,Ya
221,Puma,Hybrid NX,420,Tidak
222,Skechers,Flex Advantage 3.0,250,Tidak
223,adidas,Runfalcon,249,Tidak
224,Nike,Free TR Ultra,529,Tidak
225,adidas,Alphabounce Instinct,499,Tidak
226,Nike,Jordan Access,499,Tidak
227,Skechers,Elite Flex,165,Ya
228,Reebok,Flexagon Energy TR,255,Ya
229,Robert Wood,Faux Leather Formal Lace Ups,139,Ya
230,Nike,Kyrie Flytrap II,499,Tidak
231,Robert Wood,Faux Leather Formal Lace Ups,129,Tidak
232,Call It Spring,Cinereus Slides,169,Ya
233,Nike,Acalme,399,Tidak
234,Nike,Ebernon Low,369,Tidak
235,Seventy Five,Brushed Chunky Sneakers,159,Ya
236,adidas,Nemeziz 19.4 FG,275,Tidak
237,Robert Wood,Faux Leather Moccasins,119,Ya
238,Robert Wood,Leather Classic Moccasins,239,Tidak
239,Nike,Air Max Sequent 4.5,569,Tidak
240,Skechers,Meridian,295,Tidak
241,Seventy Five,Knitted Sneakers,119,Tidak
242,Seventy Five,Knitted Sock Sneakers,139,Ya
243,Skechers,Go Walk Revolution Ultra,295,Tidak
244,Skechers,Flex Advantage 1.0,175,Tidak
245,Skechers,Harper,250,Tidak
246,Call It Spring,Groeneweg Flip Flops,89,Tidak
247,Jack & Jones,Bane Sneakers,185,Tidak
248,Seventy Five,Chunky Sneakers,149,Tidak
249,adidas,Predator 19.3 FG,399,Tidak
250,adidas,Nemeziz 19.3 FG,399,Tidak
251,adidas Originals,Tyshawn,425,Tidak
252,Skechers,Go Walk Evolution Ultra,275,Tidak
253,Robert Wood,Faux Suede Moccasins,119,Ya
254,adidas,X 19.4 TF,275,Tidak
255,Seventy Five,Skull Studded Sneakers,139,Tidak
256,adidas Originals,Yung-96 Chasm,475,Tidak
257,Seventy Five,Chunky Sneakers,139,Tidak
258,adidas,Galaxy 4,275,Ya
259,Converse,One Star,279,Ya
260,Puma,RS 9.8 SPACE,410,Tidak
261,Vans,Classic Comfycush Era,289,Tidak
262,Skechers,Go Run Fast,245,Tidak
263,Skechers,Reggae-Cobano,205,Tidak
264,adidas Originals,Sobakov P94,425,Tidak
265,Skechers,Go Walk Max,260,Ya
266,Skechers,Creston,265,Tidak
267,Skechers,Caswell - Resten,310,Tidak
268,Seventy Five,Socks Sneakers,119,Tidak
269,Tommy Jeans,Retro Sneakers,545,Tidak
270,Skechers,Quillin,260,Tidak
271,Nike,Zoom Gravity,469,Tidak
272,Skechers,Mantra Ultra,265,Ya
273,Seventy Five,Chunky Color Block Sneakers,119,Tidak
274,Nike,React Element 55,699,Tidak
275,adidas,Solar Boost 19,749,Tidak
276,Robert Wood,Classic Moccasins,119,Ya
277,Skechers,Go Walk Evolution Ultra,260,Tidak
278,Nike,Air Max Alpha Trainer 2,399,Tidak
279,adidas,X 19.3 TF,399,Tidak
280,Skechers,Mantra Ultra,265,Tidak
281,Skechers,Moc Toe Slip On,260,Tidak
282,Converse,Chuck Taylor All Star,279,Ya
283,Skechers,Vesto-Galego,180,Tidak
284,adidas,Harden B/E 3,499,Tidak
285,Skechers,Lace-Up Jogger W/QTR Detail,255,Tidak
286,Nike,Superfly 6 Club CR7 TF,399,Tidak
287,Robert Wood,Tassel Loafers,119,Ya
288,Skechers,On-The-Go Glide - Surpass,250,Ya
289,Robert Wood,Driver Moccasins,119,Ya
290,Robert Wood,Classic Moccasins,119,Tidak
291,adidas,Ultraboost 19,899,Ya
292,Nike,Zoom Fly 3,799,Tidak
293,Seventy Five,Chunky Sneakers,179,Ya
294,Skechers,Go Walk Max,230,Ya
295,adidas Originals,Nizza,325,Ya
296,Skechers,Go Walk Max,260,Tidak
297,Onitsuka Tiger,Contemporized Runner,488,Tidak
298,adidas,Edge Flex,375,Tidak
299,Call It Spring,Obtectus Lace Ups,279,Ya
300,Le Confort,Cross Strap Sandals,329,Tidak
301,Skechers,Overhaul - Debbir,245,Tidak
302,Skechers,Harsen,260,Tidak
303,Chaco ,Z1 Classics,385,Tidak
304,Nike,Air Zoom Pegasus 36,599,Tidak
305,adidas,X 19.3 FG,399,Tidak
306,adidas,Sensebounce +,475,Tidak
307,Chaco ,ZCloud,415,Tidak
308,adidas,Adilette Comfort Slides,189,Ya
309,adidas,Copa 19.4 IN,239,Tidak
310,Reebok,Aztrek 96,445,Tidak
311,Robert Wood,Casual Slip Ons,119,Ya
312,Seventy Five,Snake Print Slip Ons,119,Tidak
313,Robert Wood,Classic Loafers,139,Ya
314,Skechers,Elent-Vensen,275,Tidak
315,Nike,Jordan React Assassin,649,Tidak
316,Nike,Lebron XVI Low CP,799,Tidak
317,adidas,Predator 19.4 FG,275,Tidak
318,Skechers,Dyna-Lite,235,Tidak
319,Aldo,Keliniel Slip Ons,329,Tidak
320,Robert Wood,Horsetbit Moccasins,119,Ya
321,Nike,Free RN 5.0,549,Ya
322,Under Armour,Forge 96 CLRSHFT,599,Tidak
323,Nike,Air Max Axis,599,Tidak
324,adidas Originals,NMD_R1,649,Tidak
325,Nike,Legend React 2,499,Tidak
326,Nike,MD Runner 2 ES1,399,Tidak
327,adidas,SenseBoost Go,549,Tidak
328,adidas,Nemeziz Messi 19.3 FG,425,Ya
329,adidas,Ultraboost,749,Tidak
330,Robert Wood,Formal Slip Ons,119,Ya
331,Skechers,Go Walk Max,225,Ya
332,Aldo,Araysen Slides,179,Ya
333,Skechers,Downtown Ultra,275,Tidak
334,Skechers,Open Back Knitted Slip On,275,Tidak
335,Nike,Benassi JDI Print Slides,149,Ya
336,Puma,Hybrid Sky,450,Tidak
337,Nike,Air Force Max Low,729,Tidak
338,Seventy Five,Stripe Detail Sneakers,119,Tidak
339,Robert Wood,Leather Classic Slip Owns,239,Ya
340,Robert Wood,Saddle Detail Moccasins,119,Ya
341,Reebok,Sole Fury Adapt,445,Tidak
342,Nike,Kyrie 5,649,Tidak
343,Chaco ,ZCloud,385,Tidak
344,Nike,Phantom Venom Club FG,299,Tidak
345,Seventy Five,Webbing Casual Slip Ons,119,Tidak
346,Birkenstock,Arizona Double Strap Sandals,229,Ya
347,Vans,Classic Comfycush Old Skool,309,Tidak
348,Nike,F.C.,589,Tidak
349,Skechers,Elite Flex,165,Tidak
350,Chaco ,ZCloud 2,385,Tidak
351,Skechers,Caswell - Lander,310,Tidak
352,Puma,Speed Orbiter,650,Tidak
353,adidas,Nemeziz 19.3 IN,399,Tidak
354,Skechers,Go Walk Revolution Ultra,315,Tidak
355,Skechers,Velmen-Erever,185,Tidak
356,Puma,Palace Guard,470,Tidak
357,Aldo,Legeriwen Sneakers,329,Tidak
358,Skechers,Equalizer 2.0 Lodini,290,Ya
359,Seventy Five,Mule Slip Ons,99,Tidak
360,Puma,Palace Guard 4th of July,495,Tidak
361,Skechers,Relsen,265,Tidak
362,Burton,Stanley Espadrilles,119,Tidak
363,Converse,Chuck Taylor All Star,259,Tidak
364,adidas,Rockadia Trail,299,Tidak
365,adidas,Predator 19.3 IN,399,Tidak
366,Converse,Chuck Taylor All Star,369,Ya
367,Converse,Chuck Taylor All Star,259,Ya
368,adidas,Adissage Slides,115,Tidak
369,GANT,Bari Sneakers,399,Tidak
370,Nike,Metcon 5,649,Tidak
371,Vans,Sk8 Hi,299,Tidak
372,Robert Wood,Moccasin Stitch Formal Slip Ons,139,Ya
373,Robert Wood,Perforated Formal Slip Ons,119,Tidak
374,Burton,Casual Sneakers,129,Tidak
375,adidas,Alphabounce+ U,475,Tidak
376,adidas,Copa 19.3 FG,349,Tidak
377,Puma,RS-X Hard Drive,495,Tidak
378,GANT,Denver Sneakers,379,Tidak
379,adidas Originals,Nite Jogger,649,Tidak
380,adidas,Adilette Aqua Slides,99,Tidak
381,Robert Wood,Brogue Monk Slip Ons,139,Ya
382,adidas Originals,A.R. Trainer,475,Tidak
383,Robert Wood,Snake Print Slip Ons,139,Ya
384,Converse,Converse Star Replay,199,Tidak
385,Skechers,Marauder,260,Ya
386,adidas,X 19.4 IN,275,Tidak
387,GANT,Hero Sneakers,349,Tidak
388,Nike,T-Lite XI,269,Ya
389,Nike,Quest 2,399,Tidak
390,Skechers,Go Walk Max,245,Ya
391,Reebok,Sole Fury TS,500,Tidak
392,Skechers,Go Walk Max,240,Tidak
393,Robert Wood,Formal Textured Apron Slip Ons,139,Ya
394,Robert Wood,Two Strap Sandals,69,Ya
395,Burton,Classic Sneakers,129,Tidak
396,adidas,Alphabounce Trainer,475,Tidak
397,Skechers,After Burn Memory Fit- Geardo,290,Tidak
398,Nike,Varsity Compete TR 2,399,Tidak
399,Skechers,After Burn M.Fit- Geardo,290,Tidak
400,Skechers,Hawaii Sandals,130,Tidak
401,Skechers,Superior 2.0,365,Ya
402,Aldo,Boewien Boots,569,Ya
403,Reebok,Reago Essential,290,Tidak
404,Converse,Chuck Taylor All Star 70s,329,Tidak
405,adidas Originals,3ST.004,549,Tidak
406,Robert Wood,Classic Formal Slip Ons,139,Ya
407,Nike,Jumpman Diamond Mid,599,Tidak
408,Burton,Formal Lace ups,189,Tidak
409,Tommy Hilfiger,Classic Penny Loafers,589,Ya
410,Reebok,Energy Lux,290,Tidak
411,Seventy Five,Toggle Lace Knitted Sneakers,139,Tidak
412,Aldo,Lovericia Sneakers,329,Ya
413,Under Armour,Charged Escape 3,399,Tidak
414,Nike,Zoom Domination TR 2,469,Tidak
415,Diesel,Side Zipped Sneakers,875,Ya
416,Robert Wood,Croc Embossed Classic Slip Ons,119,Tidak
417,Skechers,Drafter,215,Tidak
418,Skechers,Mule Slip Ons,215,Tidak
419,Call It Spring,Fresien Lace Ups,319,Tidak
420,Skechers,Kulow,230,Tidak
421,Jack & Jones,Cali Sneakers,165,Tidak
422,adidas,Copa 19.4 FG,239,Tidak
423,GANT,Frank Sneakers,249,Tidak
424,Robert Wood,Perforated Tassel Loafers,119,Tidak
425,Under Armour,TriBase Reign,549,Tidak
426,Reserved,Essential Flip Flops,79,Tidak
427,adidas Originals,Adi-Ease,299,Tidak
428,Diesel,Camouflage Sneakers,725,Tidak
429,Diesel,Plimsole Sneakers,765,Tidak
430,Robert Wood,Formal Patent Slip Ons,119,Tidak
431,adidas,Copa 19.3 TF,349,Tidak
432,adidas,Asweego,375,Tidak
433,Puma,Rapido FG,190,Tidak
434,Skechers,Terraza,235,Tidak
435,Puma,BMW Future Kart Cat,450,Tidak
436,adidas,Ultraboost OG,749,Tidak
437,Diesel,Clever Sneakers,825,Tidak
438,Tommy Hilfiger,Corporate Flag Runners,465,Tidak
439,adidas Originals,Coast Star,375,Ya
440,Nike,KD XII,769,Tidak
441,GANT,Bari Slip Ons,379,Tidak
442,adidas Originals,Rivalry Low,425,Tidak
443,Reebok,Instalite Lux,310,Ya
444,Tommy Hilfiger,Essential Leather Detail Cupsole Sneakers,459,Tidak
445,Aldo,Cowien Sneakers,349,Ya
446,Aldo,Kedireviel Lace Ups,519,Tidak
447,Diesel,Laced Socks Sneakers,659,Ya
448,Diesel,Color Block Sneakers,725,Ya
449,Robert Wood,Casual Loafers,119,Ya
450,Puma,Speed Sutamina,430,Tidak
451,Skechers,Equalizer 3.0,250,Tidak
452,Robert Wood,Perforated Moccasins,139,Ya
453,adidas,Predator 19.4 FXG,275,Tidak
454,Reef,Cushion Bounce,169,Tidak
455,Under Armour,SC 3Zero III,559,Tidak
456,Seventy Five,Lifestyle Sneakers,149,Tidak
457,Reef,One Slides,129,Tidak
458,Seventy Five,High Top Padded Sneakers,139,Ya
459,adidas Originals,Supercourt,425,Tidak
460,Jack & Jones,Austin Denim Sneakers,185,Tidak
461,Reebok,Workout Plus ATI 3.0,480,Tidak
462,Puma,Epic Flip V2,85,Tidak
463,Asics,Gelsaga,550,Tidak
464,adidas,Alphabounce Slide,210,Tidak
465,Reef,Phantoms,169,Tidak
466,Ecco,Reciprico Slip ons,799,Tidak
467,Jack & Jones,Byson Mesh Sneakers,185,Tidak
468,Fila, Luminance,475,Ya
469,Skechers,GO Run Mojo,275,Tidak
470,Skechers,Overhaul,245,Tidak
471,Skechers,Go Run 600,265,Tidak
472,Lacoste,Esparre Sneakers,499,Tidak
473,Skechers,Harper,260,Tidak
474,Asics,Gelsaga,470,Tidak
475,Skechers,Terrabite,295,Tidak
476,adidas,Streetflow,350,Tidak
477,adidas,SenseBounce Street,375,Tidak
478,Reef,Twinpin Lux,149,Tidak
479,adidas,Powerlift 4,475,Tidak
480,Converse,Chuck Taylor All Star,295,Ya
481,Nike,Renew Retaliation TR,369,Tidak
482,Under Armour,Spawn Mid,599,Tidak
483,Skechers,Go Walk Evolution Ultra,285,Tidak
484,Skechers,Go Walk Revolution Ultra,325,Tidak
485,Skechers,Go Walk Max,225,Tidak
486,Nike,Superfly 6 Club CR7 FG,399,Tidak
487,Tommy Hilfiger,Essential Modern Mesh Sneakers,335,Tidak
488,Seventy Five,Chunky Sneakers,159,Tidak
489,Reef,Fanning Low,229,Tidak
490,Skechers,Summits - South Rim,240,Tidak
491,Puma,Popcat Slides,120,Ya
492,adidas,Solar Drive 19,549,Tidak
493,Reebok,Nano 9,605,Tidak
494,adidas,Courtsmash,250,Ya
495,adidas,Alphabounce BB Slides,209,Tidak
496,Robert Wood,Casual Boots,159,Ya
497,Skechers,Go Walk Max,230,Tidak
498,Puma,Inhale,495,Tidak
499,Steve Madden,Bansang Sandals,449,Tidak
500,Brave Soul,Dual Strap Sandals,69,Tidak
501,Onitsuka Tiger,New York,373,Tidak
502,Reebok,Legacy Lifter,835,Tidak
503,Skechers,Oak Canyon,245,Tidak
504,Steve Madden,Talbot Slip Ons,429,Tidak
505,Steve Madden,Ridge Sneakers,499,Ya
506,Nike,Zoom Janoski Cnvs RM PRM,429,Tidak
507,Robert Wood,Formal Slip ons,139,Ya
508,Skechers,Go Run Mojo,275,Tidak
509,adidas,Adissage TND Slides,165,Tidak
510,Steve Madden,Kalypso Loafers,449,Ya
511,Steve Madden,Bansang Sandals,449,Ya
512,Puma,Auriz,230,Tidak
513,Robert Wood,Perforated Toe Cap Oxford Lace Ups,139,Ya
514,Asics,Jolt 2,205,Tidak
515,Steve Madden,Eager Lace Ups,499,Ya
516,Lacoste,Casual L.Ydro Slip Ons,419,Ya
517,Vans,Era,269,Tidak
518,Fila, Venom Low,500,Tidak
519,Jack & Jones,Vision Suede Sneakers,220,Tidak
520,Steve Madden,Edmand Slip Ons,479,Tidak
521,Havaianas,Classic Flip Flops,85,Ya
522,Topman,Chant Derby Lace Ups,175,Tidak
523,Ecco,Flowt LX Sandals,699,Tidak
524,Comfort Plus,Double Strap Sandals,245,Tidak
525,Call It Spring,Dunn Sneakers,209,Tidak
526,Steve Madden,Ralley Slides,199,Tidak
527,Topman,Suede Kendrick Lace Ups,225,Tidak
528,adidas,D.O.N. Issue #1,499,Ya
529,adidas Originals,Adilette Slides,165,Ya
530,adidas Originals,Yung-96 Chasm,475,Ya
531,Brave Soul,California Slip Ons,139,Tidak
532,Ted Baker,Renver Nubuck Slip Ons,649,Tidak
533,Jack & Jones,Logo Flip Flops,39,Tidak
534,Nike,MD Runner 2,369,Tidak
535,Reebok,Runner 3.0,290,Ya
536,Reebok,Royal Bridge 3,340,Tidak
537,Asics,GEL-BND,395,Tidak
538,Nike,Air Max Sequent 4.5 SE,569,Tidak
539,Fila,Venom low,490,Tidak
540,Nike,SB Air Max Janoski 2 PRM,699,Tidak
541,Tommy Hilfiger,Essential Beach Flip Flops,185,Ya
542,Nike,Romaleos 3 XD,949,Tidak
543,Nike,SB Zoom Janoski Canvas RM,469,Ya
544,Brave Soul,Eldon Slip Ons,139,Tidak
545,Seventy Five,Chunky High Top Sneakers,159,Tidak
546,Topman,Bryant Brogue Lace Ups,175,Ya
547,Burton,Sibley Brogue Lace Ups,245,Tidak
548,Call It Spring,Erirawen Sneakers,159,Tidak
549,Umbro,Maxima,355,Tidak
550,Asics,GEL-Kayano 5 OG,615,Tidak
551,Jack & Jones,Warren Slip Ons,109,Ya
552,Tommy Jeans,Logo Beach  Flip Flops,189,Tidak
553,OBEY,Warrior Leopard Sneaker,295,Ya
554,New Balance,997H,419,Tidak
555,Robert Wood,Formal Slip Ons,139,Tidak
556,Robert Wood,Faux Leather Casual Flip Flops,79,Ya
557,Puma,Leadcat Slides,120,Tidak
558,Reebok,Flexagon Force,340,Tidak
559,Robert Wood,Classic Saddle Detail Moccasins,119,Tidak
560,OBEY,Warrior Leopard Sneaker,315,Ya
561,Puma,Future Runner Premium,340,Tidak
562,Superdry,Retro Colour Block Pool Slides,99,Tidak
563,Nike,SB Zoom Blazer Low GT NBA,449,Tidak
564,Asics,Patriot 11,265,Tidak
565,Asics,GEL-Dedicate 6,290,Tidak
566,Reebok,Club C Vector,395,Tidak
567,Robert Wood,Formal Diver Moccasins,119,Ya
568,Aldo,Ulzia Slides,129,Tidak
569,Reebok,Speedlux 3.0,220,Tidak
570,Robert Wood,Faux Leather Casual Lace Ups,139,Ya
571,Vans,Harry Potter Ravenclaw Authentic,269,Tidak
572,Reebok,Classics Leather MU,415,Tidak
573,Asics,GEL-Quantum 360 5,765,Tidak
574,Jason Markk,Quick Wipes 3er Pack,20,Tidak
575,Vans,Anaheim Factory Classic Slip on 98 DX,269,Tidak
576,Asics,Roadhawk FF 2,520,Tidak
577,adidas Originals,Yung-96,425,Tidak
578,Jack & Jones,Carlo Suede Loafers,259,Ya
579,Tommy Hilfiger,Tommy Jeans Flag Espadrille,349,Tidak
580,Vans,Bold Ni,299,Tidak
581,Emporio Armani,Casual Slides,329,Tidak
582,Burton,Bovey Plimsoll Sneakers,135,Tidak
583,Seventy Five,Casual Brogue Sneakers,129,Ya
584,Call It Spring,Wattkins Moccasins,289,Ya
585,Aldo,Erez Slip ons,599,Tidak
586,Robert Wood,Faux Leather Casual Slip Ons,139,Ya
587,Robert Wood,Faux Leather Casual Slip Ons,119,Ya
588,Aldo,Derivia Sandals,369,Tidak
589,Tommy Hilfiger,Seasonal Print Slip Ons,355,Tidak
590,Seventy Five,Casual Sneakers,119,Ya
591,Selected Homme,Suede Espadrilles,295,Tidak
592,Aldo,Zomba Slip ons,569,Tidak
593,Seventy Five,Faux Leather Casual Slip ons,139,Tidak
594,Topman,Essential Sneakers,249,Tidak
595,Robert Wood,Faux Suede Horsebit Detail Slip Ons,139,Ya
596,Ted Baker,Eshron Text Sneakers,379,Ya
597,Call It Spring,Zenne Slip ons,209,Tidak
598,Asics,GEL-Cumulus 21,625,Tidak
599,Selected Homme,David Sneakers,475,Tidak
600,Emporio Armani,Casual Flip Flops,329,Tidak
601,Robert Wood,Faux Leather Lace Up,139,Ya
602,Slydes,Double Strap Sandals,95,Tidak
603,adidas Originals,Adilette Slides,159,Ya
604,Vans,Anaheim Factory Era 95 DX,289,Tidak
605,Seventy Five,High Top Sneakers,139,Ya
606,Seventy Five,Summer Espadrilles,99,Tidak
607,Jason Markk,Quick Wipes Box Of 30,105,Tidak
608,Seventy Five,Striped Summer Espadrilles,99,Ya
609,Asics,GEL-Nimbus 21 Mugen,835,Tidak
610,Puma,Popcat Reinvent Slides,120,Tidak
611,Puma,Virat Kohli Hybrid NX One8,420,Tidak
612,Skechers,On-The-Go 600,240,Tidak
613,Reebok,Royal Complete CLN,235,Tidak
614,Skechers,Go Run Fast,245,Ya
615,Havaianas,Logo Flip Flops,120,Tidak
616,Puma,NRGY Star,320,Tidak
617,Lacoste,Croco 119 Logo  Slides,139,Ya
618,FitFlop,Freeway III Sandals,385,Ya
619,adidas,Essence,275,Tidak
620,Mango MAN,Ibiza Gladiator Sandals,279,Tidak
621,Aldo,Aauwen Lace Ups,281,Tidak
622,Tommy Jeans,Technical Mesh Flip Flops,169,Tidak
623,Seventy Five,Knitted Sneakers,139,Tidak
624,Aldo,Norewiel Sandals,129,Tidak
625,Reebok,Driftium,290,Ya
626,Puma,Rebound LayUp Mesh,295,Tidak
627,Nike,Flex Experience RN 8,369,Ya
628,adidas,Copa 19.4 TF,240,Tidak
629,Puma,Nucleus,295,Tidak
630,Nike,Zoom Stefan Janoski OG,399,Tidak
631,Puma,Cozy Flip,90,Tidak
632,Aldo,Abruzzino Slip ons,299,Tidak
633,Skechers,Elite Flex,295,Tidak
634,Burton,Essential Sneakers,159,Tidak
635,Robert Wood,Classic Brogue Oxford Lace Ups,139,Ya
636,Robert Wood,Casual Lace Ups,119,Tidak
637,On Running,CloudSwift,790,Tidak
638,adidas Originals,Pharrell Williams Tennis Hu,475,Tidak
639,Aldo,Qaledien Sandals,399,Tidak
640,Reebok,Quick Motion,255,Tidak
641,Seventy Five,Lycra Sports Sneakers,119,Ya
642,Puma,Rapido TT,190,Tidak
643,Superdry,Scuba Faded Logo Flip Flops,89,Tidak
644,Skechers,Equalizer,260,Tidak
645,Nike,Viale,399,Tidak
646,adidas,Cosmic 2,299,Tidak
647,Brave Soul,Gator Sandals,49,Tidak
648,Puma,Wired Mesh 2.0,245,Tidak
649,Seventy Five,Check Print Soft Bedroom Slippers,49,Ya
650,Tommy Hilfiger,Lightweight Knit Flag Sneakers,355,Tidak
651,Lacoste,Maricle Slipons,300,Tidak
652,Tommy Jeans,Plimsolls  Slip Ons,289,Tidak
653,Burton,Casual Slip Ons,149,Tidak
654,Burton,Casual Slip Ons,129,Ya
655,Superdry,Trophy 2.0 Flip Flops,89,Tidak
656,Call It Spring,Ybiari Slip Ons,239,Tidak
657,Ecco,Dress Moccasins,799,Tidak
658,Skechers,Go Run 600,275,Tidak
659,Jack & Jones,Thai Sneakers,185,Tidak
660,Jack & Jones,Nimbus Canvas Mix Sneakers,129,Ya
661,Skechers,D'Lites,275,Tidak
662,Skechers,Relven,295,Ya
663,adidas Originals,Swift Run,425,Tidak
664,Nike,Sb Check Solar Cnvs,269,Tidak
665,adidas Originals,3MC,325,Tidak
666,Skechers,Go Walk 4,260,Tidak
667,adidas,Runfalcon,249,Ya
668,Nike,Air Jordan 1 Low,499,Tidak
669,Skechers,Go Flex 2 - Compact,260,Tidak
670,adidas,Senseboost Go,549,Tidak
671,Skechers,On-The-Go Glide,245,Tidak
672,Skechers,D'Lite Ultra,300,Tidak
673,Skechers,Dynamight 2.0,215,Tidak
674,adidas Originals,Continental 80,475,Ya
675,Aldo,Adaon Sneakers,299,Tidak
676,Ted Baker,Rastal Slides,235,Ya
677,Skechers,Go Walk 4 - Convertible,280,Tidak
678,Nike,Air Versitile III,399,Tidak
679,Skechers,Energy- After Burn,250,Tidak
680,Nike,Mercurial Superflyx 6 Club IC,369,Tidak
681,Seventy Five,Welt Detail Casual Sneakers,129,Ya
682,Jack & Jones,Bob Leather Flip Flops,109,Tidak
683,Nike,SB Team Classic,399,Tidak
684,Puma,One 19.4 TF,240,Tidak
685,Nike,React Element 55 SE,699,Tidak
686,Nike,Mercurial Superfly Club 6 FG,369,Tidak
687,Burton,Tommy Formal Laceups,225,Ya
688,Nike,Phantom Venom Elite FG,1249,Tidak
689,Crep protect,Ultimate Shoe Cleaning Kit,85,Tidak
690,Reserved,Trampki Slip Ons,145118,Tidak
691,adidas,X Tango 18.3 TF,375206,Tidak
692,Call It Spring,Johen Slides,169101,Ya
693,Brave Soul,Striped Mesh Slides,4934,Tidak
694,Hype,Script Flip Flops,6938,Ya
695,Steve Madden,Casual Slip Ons,279167,Ya
696,Steve Madden,Fulton Sneakers,299224,Ya
697,Call It Spring,Dwigowiel Slip Ons,249149,Tidak
698,Hype,Script Flipflops,6941,Tidak
699,Seventy Five,Casual Sneakers,15068,Tidak
700,Tommy Jeans,Logo Print Casual Slides,225135,Tidak
701,Polo Ralph Lauren,Whitlebury II Casual Flip Flops,15090,Ya
702,adidas,X 18.3 FG,375206,Tidak
703,adidas,X 18.3 FG,375235,Tidak
704,adidas,Nemeziz Messi Tango TF,375281,Tidak
705,Cotton On,Essential Bedroom Boots,9571,Ya
706,Jack & Jones,Nubuck Boots,345224,Tidak
707,adidas,Predator 18.3 FG,375244,Tidak
708,Seventy Five,Casual Sneakers,12563,Ya
709,adidas,Nemeziz 18.4 FG,275179,Tidak
710,adidas,X Tango 18.3 IN,375187,Tidak
711,Converse,Chuck Taylor All Star 1970's,377245,Tidak
712,Jack & Jones,Albany Boots,369221,Tidak
713,adidas Originals,Campus,425340,Tidak
714,adidas Originals,Samba,475380,Tidak
715,adidas,Alphabounce RC 2.0,375,Tidak
716,Fila,Morro Bay Slides,120,Tidak
717,adidas Originals,U_Path Run,425,Tidak
718,Jack & Jones,Logo Flip Flops,39,Ya
719,adidas Originals,Deerupt Runner,499,Tidak
720,adidas Originals,Campus,420336,Tidak
721,Under Armour,Thrill 3,335268,Tidak
722,Reebok,Driftium,290,Tidak
723,adidas,Energy Cloud 2,325,Tidak
724,Skechers,Bounder,225,Tidak
725,Converse,Chuck Taylor All Star,275,Ya
726,Seventy Five,Casual Sneakers,12563,Tidak
727,adidas,Crazytrain Elite,605363,Tidak
728,Polo Ralph Lauren,Dunovin Sneakers,620372,Tidak
729,Polo Ralph Lauren,Cayson Pool Slide,209125,Tidak
730,Reebok,Cash Flip Flops,10065,Tidak
731,Diesel,Nihhao Flipflops,280123,Tidak
732,Polo Ralph Lauren,Thompson Slip On Sneaker,380228,Ya
733,Reebok,Cash Flip Flops,10055,Tidak
734,Robert Wood,Formal Boots,13969,Tidak
735,Asics,GEL - Lyte,445223,Ya
736,Call It Spring,Wardell  Flip Flops,11977,Ya
737,Call It Spring,Adocien Double Strap  Sandals,209125,Tidak
738,Nike,Downshifter 8,299,Tidak
739,Skechers,Go Run Mojo,265,Ya
740,Nike,Epic React Flyknit 2,799,Tidak
741,adidas,Adilette Slides,189,Tidak
742,adidas,Predator Tango 18.4 IN,275206,Tidak
743,adidas,Alphabounce RC 2 M,375,Tidak
744,Vans,Anaheim Factory Style 73 DX,289,Tidak
745,Skechers,D'Lites 2.0 Tidal V,345,Tidak
746,adidas,Duramo Lite 2.0,250,Tidak
747,Brave Soul,Lycra Sneakers,129,Tidak
748,adidas Originals,Campus,425,Tidak
749,adidas,Runfalcon,250,Tidak
750,Vans,Old Skool OS,289,Tidak
751,Seventy Five,Casual Sneakers,16072,Tidak
752,Nike,Odyssey React,649,Tidak
753,adidas,X 18.3 TF,400,Tidak
754,Nike,FS Lite Run 4,419335,Tidak
755,adidas Originals,Superstar,475285,Tidak
756,adidas Originals,3MC,325244,Tidak
757,Nike,Solay Thong,156101,Tidak
758,Nike,Zoom Stefan Janoski Slip On,419251,Tidak
759,adidas,Nemeziz Tango 18.3 TF,375281,Tidak
760,Vans,Sk8 Hi,293234,Ya
761,Ecco,Flowt LX Cross Strap Slide Sandals,749562,Ya
762,adidas Originals,Campus,475297,Tidak
763,Nike,Phantomx 3 Academy TF,399239,Tidak
764,adidas,Energy Cloud 2,315252,Tidak
765,FitFlop,Lido II Slides,259,Ya
766,FitFlop,Bando Embossed Slides,509,Ya
767,adidas Originals,Rivalry RM Low,599,Tidak
768,Slydes,Cali Camo Slides,125,Tidak
769,Seventy Five,HIGH VOLTAGE Sneakers,119,Tidak
770,New Look,Fortune Boat Shoes,179,Tidak
771,Seventy Five,Faux Leather Casual Sneakers,129,Ya
772,Ecco,Lisbon Slip Ons,749,Tidak
773,Reebok,Aztrek,500,Ya
774,Seventy Five,Webbing Detail Slip On Sneakers,139,Tidak
775,Puma,Bari,230,Tidak
776,Comfort Plus,Arabic Sandals,249,Tidak
777,Seventy Five,Beach Rubber Clogs,79,Ya
778,Aldo,Ocein Slip ons,339,Ya
779,Lacoste,Croco 219 Slides,249,Tidak
780,Under Armour,Ripple Elevated,319,Ya
781,Guess,Doro Flip Flops,195,Tidak
782,Aldo,Edaonna Loafers,469,Tidak
783,Lacoste,Croco Flip Flops,179,Ya
784,Aldo,Fematre Slip ons,469,Tidak
785,Superdry,Logo Pool Slides,85,Tidak
786,New Look,Taylor Horsebit Loafers,155,Tidak
787,Diesel,Valla Logo Slides,229,Tidak
788,Puma,Smash V2 L,255,Tidak
789,Jack & Jones,Nimbus Denim  Mix Sneakers,129,Ya
790,Robert Wood,Leather Sandals,159,Tidak
791,Aldo,Thymel Flip flops,129,Tidak
792,Puma,SF Ferarri Future Kart Cat,450,Tidak
793,Mango MAN,Gomet Driver Loafers,399,Tidak
794,Under Armour,Charged Assert 8,299,Tidak
795,Skechers,Go Walk 5- Apprize,265,Tidak
796,Nike,Legend 8 Club IC,279,Tidak
797,adidas,Adilette Sandal,189,Tidak
798,Nike,Revolution 4,269,Tidak
799,Nike,Jordan Super.Fly Team Slide 2,229,Tidak
800,adidas,X 18.4 TF,275,Tidak
801,Onitsuka Tiger,Mexico 66,394,Tidak
802,Loungeable,Gorilla Bedroom Slipper,79,Tidak
803,Nike,Air Max Sequent 4,529,Ya
804,Mango MAN,Classic Sneakers,179,Tidak
805,Slydes,Cali Logo Pool Slide,85,Ya
806,Ecco,Reciprico Moccasins,799,Tidak
807,Seventy Five,Webbing Detail Sneakers,139,Tidak
808,Call It Spring,Otsamo Sneakers,159,Tidak
809,Aldo,Fildes Driver Loafers,499,Tidak
810,Skechers,Go Meb Razor,470,Ya
811,Burton,Shadow Flyknit Sneakers,145,Tidak
812,Puma,Shoku Koinobori,460,Tidak
813,Skechers,Evented- Arven,185,Tidak
814,adidas,Questar Ride,349,Ya
815,Jack & Jones,Byson Sneakers,185,Tidak
816,Call It Spring,Kauwet Sneakers,249,Tidak
817,Nike,SB Check Solar Cnvs,329,Tidak
818,Tommy Hilfiger,Criss Cross Leather Slides,305,Ya
819,Tommy Hilfiger,Corporate Flip Flops,249,Tidak
820,Burton,Tassel Loafers,179,Tidak
821,Puma,Classico C II Sala,220,Tidak
822,Nike,Legend 8 Club TF,279,Tidak
823,Reebok,Lite,225,Tidak
824,Vans,Classic Comfycush Authentic,269,Tidak
825,GANT,Hero Sneakers,379,Tidak
826,Tommy Hilfiger,Maxwell Sneaker,459,Tidak
827,Skechers,Bounder,245,Tidak
828,adidas,Solar Glide 19,649,Tidak
829,Tommy Jeans,Logo Classic Sneakers,329,Tidak
830,Nike,Jordan Super.Fly Team Slide,249,Tidak
831,Puma,Cell Alien OG,540,Tidak
832,Nike,Jordan 0 Gravity,529,Tidak
833,adidas,Ultraboost 19,900,Tidak
834,adidas,Alphaboost Parley,699,Tidak
835,Reebok,Forever Floatride Energy,500,Tidak
836,Burton,Essential Trainers,129,Tidak
837,adidas,Nemeziz 18.4 TF,275,Tidak
838,Robert Wood,Tape Detail Moccasins,119,Ya
839,Asics,GEL-Kayano 26,835,Tidak
840,Vans,ComfyCush Era,289,Tidak
841,Vans,Harry Potter Deathly Hallows Old Skool,319,Tidak
842,Umbro,Run,335,Ya
843,Skechers,Go Run Mojo - Mania,260,Tidak
844,Nike,Kyrie Low 2,599,Tidak
845,Skechers,Flex Advantage SR,315,Tidak
846,Nike,MD Runner 2 19,399,Tidak
847,Topman,Weave Mantis Loafers,249,Tidak
848,Asics,Frequent Trail,265,Tidak
849,Vans,Slip ons,249,Tidak
850,Skechers,After Burn Memory Fit - Geardo,290,Tidak
851,Puma,RS-X Tech,560,Tidak
852,Onitsuka Tiger,Mexico 66,395,Tidak
853,Seventy Five,HIGH VOLTAGE Sneakers,119,Ya
854,Nike,Ebernon Mid,399,Tidak
855,Reebok,3D Fusion TR,235,Tidak
856,Asics,GEL-Nimbus 21,835,Tidak
857,Brave Soul,Mateo Velcro Slides,49,Ya
858,Call It Spring,Diarwen Slip ons,209,Ya
859,Skechers,Hartan,390,Tidak
860,adidas,Predator 19.3 TF,400,Tidak
861,Call It Spring,Ivanovsky Sneakers,289,Tidak
862,Puma,Suede Classic+,345,Tidak
863,adidas Originals,Gazelle,475,Tidak
864,Puma,Hybrid Astro,540,Tidak
865,Seventy Five,Dog Bedroom Slippers,79,Tidak
866,New Look,Byron Weave Lace Ups,209,Tidak
867,Robert Wood,Brogue Leather Formal Lace Up,259,Tidak
868,adidas,Predator 19.3 TR,399,Tidak
869,adidas,X 18.4 IN,275,Tidak
870,Jack & Jones,Trent Synth Suede Sneakers,183,Tidak
871,Puma,Escaper Mesh,225,Tidak
872,Vans,Era,289,Tidak
873,Skechers,Oak Canyon,260,Tidak
874,Seventy Five,Velcro Flat Sandals,39,Ya
875,Jack & Jones,Vision Suede Sneakers,219,Tidak
876,Puma,Thunder Nature,590,Tidak
877,adidas Originals,Gazelle,420,Tidak
878,Reebok,Classics Leather ATI 3.0,480,Tidak
879,Umbro,Run,335,Tidak
880,Nike,Air Max Axis PREM,599,Tidak
881,Skechers,Mark Nason,395,Tidak
882,Lacoste,Croco 219 Slides,139,Tidak
883,Topman,Lace Trainers,199,Tidak
884,Le Coq Sportif,Zepp,445,Tidak
885,Bass Weejuns,Lincoln Slip ons,665,Tidak
886,Superdry,Carbon Pool Slides,99,Tidak
887,Reebok,Run Cruiser,310,Tidak
888,Puma,Suede Classic Blanket Stitch,410,Tidak
889,Nicce,Sports Slide,105,Tidak
890,Seventy Five,Pull On Mid Top Sneakers,159,Ya
891,Lacoste,Graduate Sneakers,439,Tidak
892,Comfort Plus,Double Strap Buckled Sandals,175,Tidak
893,Aldo,Acaodda Lace ups,539,Tidak
894,Aldo,Garvey Slip ons,339,Ya
895,adidas Originals,Samba OG FT,475,Tidak
896,Puma,Leadcat Diamond Supply,280,Tidak
897,Aldo,Edudien Sandals,399,Tidak
898,New Balance,500,315,Tidak
899,Topman,Suede Mason Loafers,249,Ya
900,Nike,Benassi JDI SE Slides,149,Ya
901,Vans,Harry Potter Hufflepuff Classic Slip Ons,269,Tidak
902,adidas Originals,Tubular Dusk,475,Tidak
903,Puma,Hybrid Runner,460,Tidak
904,Fila,Dragster 98,540,Tidak
905,Puma,Future 19.4 FG,255,Tidak
906,Tommy Jeans,Denim Pool Slides,209,Tidak
907,Skechers,Drafter,245,Tidak
908,Nike,PG 3,599,Tidak
909,Nike,SB Zoom Janoski RM SE,469,Tidak
910,Nike,Legend 7 Club IC,279,Tidak
911,Puma,Cali-0 Diamond Supply,610,Tidak
912,Lacoste,Esparre Sneakers,445,Tidak
913,Vans,Harry Potter Gryffindor SK8-Hi,329,Tidak
914,Skechers,Downtown Ultra,295,Tidak
915,Converse,Star Replay,199,Tidak
916,Reebok,Energylux,255,Tidak
917,Topman,Canvas Felix Trainers,175,Tidak
918,Umbro,Exert Max,360,Ya
919,adidas,Nemeziz 18.3 TF,400,Tidak
920,New Balance,997S,629,Tidak
921,Converse,Chuck Taylor All Star,269,Tidak
922,Seventy Five,Transparent Sneakers,139,Tidak
923,adidas,Pro Spark 2018,300,Tidak
924,Seventy Five,Rubber Slip Ons,119,Tidak
925,Under Armour,Spawn Low,559,Tidak
926,Puma,One 19.4 FG,240,Tidak
927,Puma,Suede Diamond Supply,495,Tidak
928,Aldo,Wigomwen Slip ons,439,Tidak
929,Aldo,Baecci Sandals,339,Ya
930,Asics,Gelsaga,490,Tidak
931,Under Armour,Forge 96 FEB OG,599,Tidak
932,Topman,Essential Sneakers,199,Tidak
933,Reebok,Sprint TR II,445,Tidak
934,Puma,Basket Skate,410,Tidak
935,Vans,Slip-On 47 V,289,Tidak
936,Umbro,Exert Max,360,Tidak
937,Aldo,Nayeli Slides,139,Tidak
938,Asics,Gelsaga Sou,395,Tidak
939,adidas Originals,Adilette Slides,190,Ya
940,Skechers,Go Walk Max- Amazing,255,Tidak
941,adidas,Terrex Brushwood,475,Tidak
942,Vans,Era 59,249,Tidak
943,Robert Wood,Croc Embossed Formal Slip Ons,139,Tidak
944,Robert Wood,Faux Leather Formal Slip Ons,139,Ya
945,Seventy Five,Fleece Bedroom Slippers,49,Tidak
946,Diesel,D-Velow Laced Sneakers,805,Tidak
947,Reebok,Workout Plus MU,480,Tidak
948,Call It Spring,Algo Sandals,209,Ya
949,Havaianas,Camo Flip Flops,95,Tidak
950,Ted Baker,Duglas Nubuck AM Lace Ups,715,Tidak
951,Havaianas,Aloha Flip Flops,95,Tidak
952,adidas Originals,POD S3.1,599,Tidak
953,Burton,Laced Moccasins,99,Ya
954,Reebok,Classics Leather Vector,415,Tidak
955,Ted Baker,Duglas Nubuck Lace Ups,715,Tidak
956,Reebok,Classic Leather,445,Tidak
957,Nike,Phantom VSN Club DF FG,369,Tidak
958,Puma,Future 19.4 TF,255,Tidak
959,Brave Soul,Mayfield Slip Ons,139,Tidak
960,Slydes,Cali Basic Pool Slides,115,Tidak
961,Cotton On,Bondi Flipflops,25,Tidak
962,Burton,Mansfield Embossed Driver Loafers,249,Tidak
963,Call It Spring,Mireirwen Double Strap Sandals,209,Tidak
964,Asics,GEL-Cumulus 20,625,Tidak
965,adidas,UltraBoost Laceless,850,Tidak
966,Vans,SK8-Hi,299,Tidak
967,Aldo,Olardon Sneakers,339,Tidak
968,Vans,Anaheim Factory Era 95 DX,269,Tidak
969,Havaianas,Classic Flip Flops,85,Tidak
970,Burton,Shoot Sneakers,129,Tidak
971,Topman,Faux Suede Magic Derby Shoes,249,Tidak
972,Vans,David Bowie Era,289,Tidak
973,adidas,X 18.4 FG,275,Tidak
974,adidas Originals,Adilette Slides,190,Tidak
975,Jack & Jones,Neptune FusionSneakers,295,Ya
976,Call It Spring,Thorelian Slip ons,279,Tidak
977,Robert Wood,Wing Cap Brogue Casual Slip Ons,119,Tidak
978,Topman,Halt Espadrilles,175,Tidak
979,Nike,Phantom VSN Elite DF FG,1299,Ya
980,Burton,Formal Boots,149,Tidak
981,Havaianas,Kids Wild Slyde,75,Tidak
982,Havaianas,Kids Camo Print Slyde,75,Tidak
983,Havaianas,Kids Logo Slyde,95,Tidak
984,Crep protect,Ultimate Rain and Stain Resistant Spray,70,Tidak
985,Sneaker Lab,Sneaker Cleaner,32,Tidak
986,Sneaker Lab,Sneaker Protector,32,Tidak
987,Jason Markk,4 oz. Premium Kit Shoe Cleaner,90,Tidak
988,Sneaker Lab,Odor Protector,32,Tidak
989,Crep protect,Shoe Shaper,65,Tidak
990,Crep protect,Shoe Freshener Pills,50,Tidak
991,Crep protect,New Era Headwear Protection Spray,75,Tidak
992,Crep protect,Shoe Crate,195,Tidak
993,Crep protect,Suede & Nubuck Eraser,50,Tidak
994,Jason Markk,Repel Pump Spray,80,Tidak
995,Crep protect,Cure Shoe Cleaner Refill,65,Tidak
996,Sneaker Lab,Sneaker Cleaner Kit,53,Tidak
997,Sneaker Lab,Premium Sneaker Cleaner Kit,90,Tidak
998,Sneaker Lab,Leather Care,32,Tidak
999,Jason Markk,Standard Shoe Cleaning Brush,45,Tidak
1000,Sneaker Lab,Deluxe Sneaker Cleaner Kit,153,Tidak
1001,Sneaker Lab,Sneaker Wipes,48,Tidak
1002,Jason Markk,RTU Foam,90,Tidak
1003,Steve Madden,Maydays Cross Strap Slide Sandals,299150,Tidak
1004,Reserved,Contrast Sole Classic Sneakers,145118,Tidak
1005,Steve Madden,Fiji Sandals,399200,Tidak
1006,Steve Madden,Belarus Sandals,399299,Tidak
1007,Le Confort,Embossed Slip Ons,449225,Tidak
1008,adidas,X Tango 18.4 TF,275206,Tidak
1009,Sacoor Brothers,Laced Driver Loafers,895537,Ya
1010,Steve Madden,Miami Mule Loafers,449337,Ya
1011,Aldo,Abruzzino Slip ons,299179,Tidak
1012,Call It Spring,Johen Slides,169110,Ya
1013,Reserved,California Slides,125102,Tidak
1014,Aldo,Derivia Sandals,369258,Tidak
1015,Polo Ralph Lauren,Whitlebury II Flip Flops,150113,Ya
1016,Le Confort,Wide Strap Sandals,399239,Tidak
1017,Only & Sons,Essential Flip Flops,6549,Ya
1018,Steve Madden,Bahamas Loafers,479359,Tidak
1019,Sacoor Brothers,Color Block Laced Driver Loafers,895537,Ya
1020,Steve Madden,Cyprus Loafers,479240,Tidak
1021,Reserved,Color Block Slides,125102,Tidak
1022,Only & Sons,Essential Flip Flops,6542,Ya
1023,Ecco,Melbourne Slip ons,649487,Tidak
1024,Reserved,Plimsoll Slip Ons,145118,Tidak
1025,Steve Madden,Croatia Mule Loafers,479240,Tidak
1026,Le Confort,Formal Loafers,449225,Ya
1027,Le Confort,Formal Slip ons,399200,Tidak
1028,Call It Spring,Creber Flip Flops,12990,Tidak
1029,Le Confort,Formal Slip ons,549329,Tidak
1030,Le Confort,Formal Loafers,499299,Tidak
1031,Le Confort,Wide Strap Sandals,349209,Ya
1032,Le Confort,Formal Lace Ups,399200,Tidak
1033,Le Confort,Casual Slip Ons,249125,Ya
1034,Diesel,S-Millenium Sneakers,999599,Tidak
1035,Asics,GEL-Lyte,415270,Tidak
1036,Polo Ralph Lauren,Camilo Sneakers,720468,Tidak
1037,Le Confort,Mule Loafers,399239,Tidak
1038,Hype,Crest One Strap,8551,Ya
1039,Reebok,Pyro,425319,Tidak
1040,Le Confort,Formal Slip ons,449225,Ya
1041,Steve Madden,Versus Sneakers,349227,Tidak
1042,EA7 Emporio Armani,Logo Strap Casual Slides,309201,Tidak
1043,Converse,Chuck Taylor All Star 1970s,346225,Ya
1044,Steve Madden,Formal Slip ons,449314,Ya
1045,Le Confort,Casual Sneakers,299150,Tidak
1046,Le Confort,Formal Loafers,499299,Ya
1047,Ecco,Vitrus I Slip Ons,999749,Tidak
1048,Selected Homme,Eric Sneakers,245184,Tidak
1049,Asics,GEL - Saga,465279,Ya
1050,Le Confort,Formal Slip Ons,449225,Tidak
1051,Le Confort,Double Strap Buckled Sandals,599359,Tidak
1052,Steve Madden,Blinker Mule Loafers,479287,Ya
1053,Onitsuka Tiger,OK Basketball MT,395257,Tidak
1054,Ecco,Melbourne Lace ups,649487,Ya
1055,Ecco,Helsinki Lace Ups,649487,Tidak
1056,Asics,GEL-Lyte,415311,Tidak
1057,Hype,Script Flip Flops,6941,Ya
1058,Diesel,S-Kbay Sneakers,919689,Ya
1059,Lyle & Scott,Gemmill Sneakers,499324,Tidak
1060,Ecco,Vitrus I Lace Ups,999749,Tidak
1061,Aldo,Nydeliviel Thong,199119,Tidak
1062,Aldo,Qyllan Flip Flops,309192,Tidak
1063,Steve Madden,Rampart Slipons,399219,Tidak
1064,New Look,Alden Desert Boots,159103,Tidak
1065,Slydes,Tazer Pool Slide,11964,Ya
1066,Brave Soul,Striped Flip Flops,2919,Ya
1067,Ecco,Collin 2.0 Sneakers,699524,Tidak
1068,Steve Madden,Bali Cross Strap Sandals,449225,Ya
1069,Crime London,Force Sneakers,855470,Tidak
1070,Le Confort,Double Strap Buckled Sandals,549329,Tidak
1071,Aldo,Rinazzo Sneaker,319207,Ya
1072,Crime London,Fuse Sneakers,899539,Tidak
1073,Ecco,Vitrus II Lace Ups,999749,Tidak
1074,Steve Madden,Hungary Sandals,399200,Ya
1075,Aldo,Korema Slip Ons,469305,Tidak
1076,Crime London,Yeyo Sneakers,1059688,Tidak
1077,Le Confort,Formal Slip ons,499299,Tidak
1078,Ecco,Vitrus Artisan I Slip Ons,14991124,Tidak
1079,Selected Homme,Duran Retro Sneakers,475356,Tidak
1080,Ecco,Collin 2.0 Slip Ons,699524,Tidak
1081,Puma,California Coogi,690345,Tidak
1082,Hero's Heroine,Logo Casual Sandals,169110,Ya
1083,Aldo,Polidori Slip Ons,329263,Tidak
1084,Tommy Hilfiger,Casual Sneakers,475380,Tidak
1085,Le Confort,Wide Strap Sandals,349209,Tidak
1086,Jack & Jones,Austin Denim Stripe Sneakers,185120,Tidak
1087,Lyle & Scott,Campbell Sneakers,449337,Tidak
1088,Aldo,Reciso Lace Ups,549439,Ya
1089,adidas,Predator Tango 18.3 TF,375281,Tidak
1090,Seventy Five,Chunky Dad Sneakers,149104,Tidak
1091,Puma,California,410308,Tidak
1092,Seventy Five,Casual Brogue Sneakers,11977,Ya
1093,Ecco,Collin 2.0 Slip ons,649487,Tidak
1094,Le Confort,Casual Lace Ups,399200,Tidak
1095,adidas Originals,Yung-96,475333,Tidak
1096,Seventy Five,Casual Sneakers,10971,Tidak
1097,Slydes,Double Strap Sandals,9562,Tidak
1098,adidas,Nemeziz 18.4 FXG,275193,Tidak
1099,Steve Madden,Canton Slip Ons,249125,Tidak
1100,Seventy Five,Casual Sneakers,15060,Tidak
1101,Havaianas,Kids Harry Potter Slyde,9562,Tidak
1102,Hype,Estate Camo Flipflop,6941,Tidak
1103,Havaianas,Classic Flip Flops,8555,Ya
1104,adidas,X Tango 18.3 IN,375244,Tidak
1105,adidas,Predator Tango 18.3,400270,Tidak
1106,Robert Wood,Faux Leather Casual Flip Flops,6945,Ya
1107,Le Confort,Cross Strap Sandals,379190,Ya
1108,Aldo,Royton Slip On,499299,Ya
1109,Le Confort,Formal Slip ons,399239,Tidak
1110,Le Confort,Wide Strap Sandals,399239,Ya
1111,Seventy Five,Casual Slipons,16072,Ya
1112,adidas,Duramo Slide,11592,Tidak
1113,Steve Madden,Amsterdam Loafers,449225,Ya
1114,Asics,HyperGEL-Lyte,550358,Tidak
1115,adidas,Predator 18.4 FG,275200,Tidak
1116,Steve Madden,Willing Sneakers,399279,Tidak
1117,Polo Ralph Lauren,Thompson Slip On Sneaker,380247,Ya
1118,Steve Madden,Shockah Sneakers,379190,Tidak
1119,Reserved,Essential Slides,125102,Tidak
1120,Timberland,"6"" Premium Boot",699559,Tidak
1121,Steve Madden,Andorra Wide Strap Sandals,399299,Tidak
1122,Asics,Gelsaga Sou,395296,Tidak
1123,Asics,GEL-Kayano 5.1,490368,Ya
1124,Aldo,Vilfredo Espadrille,289231,Tidak
1125,Reserved,Trampki Sneakers,145118,Tidak
1126,Reebok,Aztrek,520390,Ya
1127,Hype,Fade Flipflops,6936,Tidak
1128,Steve Madden,Cuba Sandals,449225,Tidak
1129,Seventy Five,Casual Sneakers,13059,Tidak
1130,Seventy Five,Casual Sneakers,9959,Ya
1131,adidas Originals,Continental 80,475309,Tidak
1132,adidas Originals,Samba RM,600450,Tidak
1133,Steve Madden,Belgium Sandals,399200,Tidak
1134,Kurt Geiger London,Theo Sneakers,619340,Tidak
1135,Reebok,Sock Run_R,1045679,Tidak
1136,Ecco,Terra Sandals,649487,Tidak
1137,Tommy Hilfiger,Fashion Suede Slip on,605394,Tidak
1138,Reserved,Double Strap Sandals,145118,Tidak
1139,EA7 Emporio Armani,Sea World Slides,285185,Tidak
1140,Robert Wood,Faux Suede Loafers,11995,Tidak
1141,Hero's Heroine,Logo Casual Sandals,169101,Ya
1142,Asics,HyperGEL-Lyte,550413,Tidak
1143,Asics,Gelsaga,490319,Tidak
1144,Steve Madden,Driver Loafers,449225,Tidak
1145,Steve Madden,Italy Sneakers,449225,Tidak
1146,Call It Spring,Eppelheim Slip Ons,209167,Tidak
1147,Diesel,S-Kbay Camo Sneakers,979587,Ya
1148,adidas,Predator 18.3 FG,375281,Tidak
1149,Steve Madden,Barry Perforated Sandals,299150,Tidak
1150,Aldo,Brilisen Sneaker,299179,Ya
1151,Asics,GEL - Saga,465349,Ya
1152,Nike,Phantom VSN Elite DF FG,1299974,Ya
1153,Seventy Five,Casual Sneakers,13052,Tidak
1154,Comfort Plus,Double Strap Sandals,175,Tidak
1155,Skechers,Quillin- Saliano,260,Tidak
1156,Lacoste,Chaymon  Sneakers,525,Tidak
1157,Puma,Cell Phase,340,Tidak
1158,Jack & Jones,Palm Logo Flip Flops,39,Tidak
1159,Lacoste,Marice Slip Ons,289,Tidak
1160,Puma,Persist XT Knit,275,Ya
1161,EA7 Emporio Armani,Logo Slides,209,Tidak
1162,Steve Madden,Frenzy Slip Owns,279,Tidak
1163,Reebok,Classics Leather,375,Tidak
1164,FitFlop,Woven Arabian Sandals,449,Tidak
1165,Topman,Mantis Loafers,329,Tidak
1166,Ted Baker,Karney Laceups,579,Tidak
1167,Tommy Hilfiger,Maxwell Sneakers,449,Tidak
1168,Birkenstock,Arizona Double Strap Sandals,199,Ya
1169,Jack & Jones,Espadrille Slip Ons,95,Ya
1170,Vans,Slide-On,169,Tidak
1171,Jack & Jones,Croxton Drop Strap Sandals,149,Ya
1172,Puma,Jaab XT,375,Tidak
1173,Puma,Enzo Beta,320,Tidak
1174,adidas,PulseBoost HD,649,Tidak
1175,Superdry,AOP  Beach Slides,99,Tidak
1176,Mango MAN,Triple Strap Leather Sandals,279,Tidak
1177,Jack & Jones,Trent Sneakers,185,Ya
1178,Tommy Hilfiger,Essential Flag Pool Slides,195,Tidak
1179,Tommy Hilfiger,City Modern Material Mix Runners,419,Tidak
1180,FitFlop,Gogh Moc Sandals,449,Tidak
1181,Puma,NRGY Comet,255,Tidak
1182,Reebok,Black Aim MT,310,Tidak
1183,Skechers,Pelem- Emiro,185,Tidak
1184,adidas,Cosmic 2,300,Tidak
1185,Slydes,Cali Logo Pool Slide,80,Ya
1186,Nike,Legend React,499,Tidak
1187,Puma,Rapido TF,190,Tidak
1188,adidas Originals,X_PLR,425,Tidak
1189,Seventy Five,Webbing Detail Sneakers,119,Ya
1190,Fila,Disruptor 2,425,Tidak
1191,adidas Originals,Deerupt,549,Tidak
1192,Skechers,Dighton,230,Tidak
1193,Puma,Suede Secret Garden,420,Tidak
1194,Vans,Harry Potter Slytherin Era,289,Tidak
1195,Puma,Hybrid Fuego,360,Tidak
1196,Puma,Hybrid NX Daylight,440,Tidak
1197,Under Armour,HOVR Phantom Highlighter,729,Tidak
1198,Ecco,Melbourne Slip ons,649,Ya
1199,Nike,Flex 2019 RN SE,449,Tidak
1200,Tommy Hilfiger,Iconic Material Mix Runners,459,Tidak
1201,Nike,Reax 8 TR Mesh,449,Tidak
1202,Seventy Five,Casual Sneakers,119,Tidak
1203,Skechers,Overhaul - Darosa,245,Tidak
1204,Jack & Jones,Larry Slides,75,Ya
1205,Birkenstock,Classic Arizona EVA Sandals,199,Tidak
1206,Under Armour,HOVR Phantom Confetti,729,Tidak
1207,Aldo,Cadaocia Sneakers,339,Ya
1208,Robert Wood,Velvet Casual Loafers,139,Tidak
1209,Skechers,Crankton,310,Tidak
1210,Topman,Henri Lace Trainer,175,Tidak
1211,EA7 Emporio Armani,Logo Slide Sandals,209,Tidak
1212,Jack & Jones,Larry Beach  Slides,75,Tidak
1213,Reebok,Reago Pulse,340,Tidak
1214,On Running,Cloudsurfer,790,Tidak
1215,Jack & Jones,Mike Mesh Sneakers,220,Tidak
1216,Nike,Zoom Stefan Janoski Canvas,449,Tidak
1217,adidas,Terrex Tracerocker,375,Tidak
1218,Superdry,Low Pro Sneakers,149,Ya
1219,Reebok,Flexagon 2.0 Flexweave LM,465,Tidak
1220,Call It Spring,Ancroft Lace ups,239,Tidak
1221,Skechers,Burns-Agoura,240,Tidak
1222,adidas Originals,Samba OG,475,Ya
1223,Reebok,Royal EC Ride 3,270,Tidak
1224,Jack & Jones,Bane PU Anthracite Sneakers,175,Tidak
1225,Tommy Hilfiger,Summer Slip Ons,275,Tidak
1226,Call It Spring,Ciliberti Slip ons,289,Tidak
1227,Tommy Hilfiger,Chunky Material Mix  Trainers,585,Tidak
1228,Burton,Saltie Mesh Slipons,130,Tidak
1229,New Look,Bondi Tassel Loafers,189,Tidak
1230,Call It Spring,Zalith Lace Ups,239,Tidak
1231,Aldo,Aourell Slides,129,Ya
1232,Call It Spring,Nottoria Slip Ons,269,Tidak
1233,adidas Originals,Forest Grove,375,Tidak
1234,Burton,ORTON EMBOSSED DERBY,210,Tidak
1235,Reebok,Royal Heredis Vulc,235,Tidak
1236,Seventy Five,Camo Knitted Sports Sneakers,139,Ya
1237,adidas,Terrex Climacool Jawpaw II,275,Tidak
1238,Tommy Hilfiger,Velcro Beach Slides,209,Tidak
1239,adidas Originals,Yung-96,475,Tidak
1240,Robert Wood,Snake Print Casual Slip Ons,119,Tidak
1241,New Look,Leo Tassel Loafers,189,Tidak
1242,Slydes,Cali Logo Pool Slides,115,Ya
1243,Reebok,Print Run 3.0 NU,445,Tidak
1244,Robert Wood,Tassel Detail Casual Slip Ons,119,Tidak
1245,On Running,Cloud V2,730,Tidak
1246,Call It Spring,Huttner-R Lace ups,239,Ya
1247,Umbro,Neptune,345,Ya
1248,Seventy Five,Casual Sneakers,139,Tidak
1249,Bass Weejuns,Tassel Larkin Loafers,475,Ya
1250,Birkenstock,Arizona Double Strap Sandals,429,Ya
1251,Lacoste,Sideline Sneakers,379,Tidak
1252,Puma,Epic Flip v2,85,Tidak
1253,Brave Soul,Mesh Overlay Sneakers,129,Tidak
1254,Aldo,Mx.0 Sneakers,399,Tidak
1255,Jack & Jones,Rowden Slip Ons,129,Tidak
1256,Bass Weejuns,Larkin Slip ons,475,Tidak
1257,Jack & Jones,Bivoni Denim Flip Flops,55,Tidak
1258,Steve Madden,Casual Slides,449,Tidak
1259,Nike,SB Delta Force Vulc,315,Tidak
1260,Nike,Varsity Compete Trainer,399,Tidak
1261,Comfort Plus,Arabic Sandals,219,Tidak
1262,Robert Wood,Perforated Driver Moccasins,139,Ya
1263,Nike,Mercurial Superfly Club 6 TF,369,Tidak
1264,Topman,Tassel Loafers,175,Tidak
1265,Topman,Mantis Weave Lace Ups,299,Tidak
1266,adidas,Duramo Slides,115,Tidak
1267,Puma,Cali-0,450,Tidak
1268,Topman,Chant Derby Shoes,249,Tidak
1269,Superdry,Sleek Tennis Trainers,245,Tidak
1270,Cotton On,Bondi Striped Flip Flops,25,Tidak
1271,Reebok,Workout Plus,480,Tidak
1272,Robert Wood,Brogue Wing Cap Derby Lace Ups,129,Tidak
1273,Aldo,Moraunt Sandals,129,Tidak
1274,Havaianas,Kids Printed Slyde,75,Tidak
1275,Seventy Five,Bedroom Moccassins,65,Tidak
1276,Polo Ralph Lauren,Barron Casual Slip Ons,435,Tidak
1277,adidas Originals,Forest Grove,375,Ya
1278,Converse,Chuck Taylor All Star 70s,369,Tidak
1279,Timberland,Killington 6 In Boots,499,Tidak
1280,Skechers,On-The-Go 600 - Venture,240,Tidak
1281,Skechers,On-The-Go 600 - Seaport,170,Tidak
1282,Robert Wood,Faux Suede Bow Detail Loafers,119,Tidak
1283,Reebok,Aim MT,310,Tidak
1284,adidas Originals,Sabalo,325,Tidak
1285,Reebok,Flexagon Energy TR,255,Tidak
1286,Steve Madden,Compass Lace Ups,449225,Tidak
1287,Vans,Harry Potter Daily Prophet ComfyCush Era,329,Tidak
1288,Converse,Courtlandt,199,Tidak
1289,Havaianas,Mario Flip Flops,130,Tidak
1290,Nike,Benassi Solarsoft Slide 2,169,Tidak
1291,Hype,Casual Flip Flops,8551,Tidak
1292,Le Confort,Buckled Sandals,379190,Tidak
1293,Aldo,Wendawen Slides,299164,Tidak
1294,Le Confort,Casual Loafers,399200,Tidak
1295,Aldo,Yvon Slipons,309170,Tidak
1296,Converse,Chuck Taylor All Star 1970s,346208,Ya
1297,adidas,Adilette Comfort Slides,190124,Tidak
1298,Robert Wood,Faux Leather Casual Slip Ons,11989,Tidak
1299,Steve Madden,Landers Lace Ups,479240,Tidak
1300,Skechers,Marauder,260221,Ya
1301,Robert Wood,Formal Patent Lace Ups,129103,Tidak
1302,Le Confort,Formal Slip ons,299150,Tidak
1303,Seventy Five,Faux Leather Casual Espadrilles,9954,Tidak
1304,Steve Madden,Frozen Sneakers,299150,Tidak
1305,Robert Wood,Casual Boots,139118,Ya
1306,Robert Wood,Formal Classic Slip Ons,11983,Ya
1307,Lacoste,Lit Fit Casual Sneakers,505303,Tidak
1308,adidas,Adilette Slides,180108,Tidak
1309,Steve Madden,Estonia Loafers,479240,Tidak
1310,Slydes,Cali Logo Pool Slide,7940,Tidak
1311,Reebok,Print Lite Rush,395,Ya
1312,Nike,SB Dunk Low Pro,499,Tidak
1313,Tommy Hilfiger,Eva Knit Runners,459,Tidak
1314,Fila, Ray Tracer,475,Ya
1315,Puma,Leadcat Knit Premium Slides,210,Tidak
1316,Loungeable,Polar Bear Bedroom Slippers,79,Tidak
1317,Onitsuka Tiger,Mexico 66 Slip on,350,Tidak
1318,Nike,Air Zoom Structure 22,599,Tidak
1319,Nike,Phantom Venom Club TF,299,Tidak
1320,Call It Spring,Chistopher Lace ups,279,Tidak
1321,Timberland,"Radford 6"" Boot WP",649,Tidak
1322,Puma,RS-0 Winter INJ Toys,455,Tidak
1323,EA7 Emporio Armani,Classic New Cc U,765,Tidak
1324,Reebok,Yourflex Train 11,310,Tidak
1325,EA7 Emporio Armani,Cult Vintage Sneakers,559,Ya
1326,Skechers,Flex Advantage 1.0,195,Tidak
1327,Reebok,Workout Plus ATI 90s,480,Tidak
1328,Jack & Jones,Radley Fusion Sneakers,219,Tidak
1329,Nike,Benassi JDI Print Slides,149,Tidak
1330,Hype,Core Flipflops,6945,Tidak
1331,Aldo,Qyllan Flip Flops,309209,Tidak
1332,Aldo,Galuwen Eva Flip Flops,199159,Tidak
1333,Aldo,Lelarien Strap Slides,259207,Tidak
1334,Selected Homme,Casual Sneakers,465233,Tidak
1335,Dune London,Pongo Checkered Snaffle  Slip Ons,499399,Tidak
1336,Reebok,Instapump Fury OG,940611,Tidak
1337,Asics,GEL - Saga,465302,Tidak
1338,Steve Madden, Homeland Sneakers,349175,Tidak
1339,The North Face,Dellan,449337,Tidak
1340,Le Confort,Wide Cross Strap Sandals,249125,Tidak
1341,Call It Spring,Arsidius Sneakers,199129,Tidak
1342,Polo Ralph Lauren,Thompson-Ne Sneakers,430258,Tidak
1343,Aldo,Thoavia Sneakers,299239,Tidak
1344,Puma,Big Sean Suede 'Spectra',495421,Tidak
1345,Seventy Five,Casual Slipons,13055,Tidak
1346,Guess,Glorym Sneakers,345207,Tidak
1347,Call It Spring,Rainy Slip Ons,339170,Tidak
1348,Reebok,Aztrek,520312,Tidak
1349,Robert Wood,Faux Suede Casual Lace Up,13976,Tidak
1350,Aldo,Onaleniel Flip Flops,199169,Tidak
1351,Steve Madden,Debar Mule Slip ons,479287,Tidak
1352,Call It Spring,Adeniel Slip Ons,319271,Tidak
1353,Steve Madden,Guinea Cross Strap Sandals,399200,Ya
1354,Fila,Trailblazer Magic Line,535401,Tidak
1355,Reebok,Aim MT,310233,Tidak
1356,Seventy Five,Camo Knitted Sports Sneakers,139111,Ya
1357,Reebok,Revenge Plus MU,415249,Tidak
1358,Converse,One Star,346225,Tidak
1359,Nike,Zoom Fly,735441,Tidak
1360,Nike,Benassi JDI TXT SE,299179,Ya
1361,Brave Soul,Webbing Detail Sneakers,10987,Tidak
1362,Vans,Marvel Slip Ons,249187,Tidak
1363,Diesel,Sa- Nihhao  Casual Flipflop,295162,Tidak
1364,Aldo,Rinazzo Sneaker,319239,Ya
1365,Maverick,Formal Lace Ups,11974,Tidak
1366,Steve Madden,Cuba Sandals,449337,Tidak
1367,Asics,GEL-Quantum 360 Knit 2,890534,Tidak
1368,Call It Spring,Mireirwen Sandals,209157,Tidak
1369,Nike,Magista Obra 2 Elite DF FG,1315658,Tidak
1370,Reebok,Phase 1 Pro MU,445289,Tidak
1371,adidas,X 18.1 FG,1000625,Tidak
1372,Seventy Five,Transparent Sneakers,11965,Tidak
1373,Vans,SK8-Hi Reissue Strap,329247,Tidak
1374,Nicce,Panacea Sneakers,305244,Tidak
1375,Le Confort,Casual  Sandals,399239,Tidak
1376,Call It Spring,Larurwen Sandals,209136,Ya
1377,Aldo,Wyanet Slip On,499299,Tidak
1378,adidas Originals,Gazelle,475285,Tidak
1379,Asics,GEL-Lyte V Sanze Knit,675338,Tidak
1380,Call It Spring,Ybalirwen Slip Ons,249125,Tidak
1381,Call It Spring,Scrobb Lace Ups,239179,Ya
1382,Le Confort,Double Strap Buckled Sandals,379190,Tidak
1383,Reebok,Crossfit Nano 8.0,605514,Tidak
1384,Nike,Air Max Vision,599374,Tidak
1385,Reebok,Cloudride DMX 3.0,395356,Tidak
1386,Polo Ralph Lauren,Train 100 Sneaker,720360,Tidak
1387,Slydes,Cali Logo Pool Slides,9562,Ya
1388,Kurt Geiger London,Alverez Sneakers,430237,Ya
1389,Converse,One Star,346190,Tidak
1390,Vans,Classic Slip Ons,249199,Tidak
1391,Asics,GEL-Lyte V Sanze,499250,Tidak
1392,Vans,Anaheim Factory Slip Ons 47 V DX,289145,Ya
1393,Steve Madden,V-Niger Sandals,399200,Tidak
1394,Steve Madden,Forsyth Sneakers,299224,Tidak
1395,Aldo,Ceastun Thong,309185,Tidak
1396,Steve Madden,Adam Sandals,329247,Tidak
1397,adidas,Adissage Slides,165132,Tidak
1398,Vans,Authentic,249149,Tidak
1399,Slydes,Tazer Pool Slide,11971,Ya
1400,Aldo,Verradda Sneakers,469352,Tidak
1401,Aldo,Cadilia Slip On,479359,Tidak
1402,Robert Wood,Faux Suede Casual Slip Ons,11995,Tidak
1403,Ecco,Melbourne Slip Ons,699524,Tidak
1404,Dune London,Baxter Laceup,525315,Tidak
1405,Asics,GEL Quantum 360,890579,Tidak
1406,Asics,GEL - DS Trainer OG,570285,Tidak
1407,adidas Originals,Sobakov,550330,Tidak
1408,Ted Baker,Lapiin Lace Up,740629,Tidak
1409,Tommy Jeans,Retro Sneakers,509382,Tidak
1410,Call It Spring,Aroalle Slides,169101,Tidak
1411,Robert Wood,Faux Leather Casual Slip Ons,11995,Tidak
1412,Diesel,S-Kbay Sneakers,919551,Tidak
1413,Seventy Five,Oxford Sneakers,8944,Tidak
1414,adidas Originals,Nizza,325244,Ya
1415,Lyle & Scott,Thomson Casual Slides,125113,Tidak
1416,New Balance,1500v5,499324,Tidak
1417,Under Armour,Speedform AMP 3.0,598508,Tidak
1418,Polo Ralph Lauren,Whitlebury II  Flip Flops,15090,Ya
1419,Aldo,Nedeleg Sneaker,299179,Ya
1420,Le Confort,Mule Loafers,499299,Tidak
1421,Reebok,Aztrek,520312,Ya
1422,Puma,Ferrari Selezione II,360324,Tidak
1423,Seventy Five,Knitted Slip On Sneakers,10982,Tidak
1424,Hero's Heroine,Logo Slide,185120,Tidak
1425,Burton,Bovey Plimsoll Sneakers,13588,Tidak
1426,Lacoste,Straightset Sneakers,470376,Tidak
1427,Asics,GEL-PTG Mickey,475309,Tidak
1428,Onitsuka Tiger,Mexico 66,470400,Tidak
1429,Hype,Script Flipflops,8550,Tidak
1430,Puma,Red Bull Cups Lo,340204,Tidak
1431,Asics,GEL-Kayano 5 OG,655393,Tidak
1432,Steve Madden, Sharper Sneakers,399239,Tidak
1433,Call It Spring,Erorenna Lace Ups,319191,Tidak
1434,Seventy Five,Casual Sneakers,16064,Tidak
1435,Ecco,Collin 2.0 Sneakers,749562,Tidak
1436,Robert Wood,Classic Brogue Oxford Lace Ups,12997,Ya
1437,Le Confort,Formal Slip ons,299150,Ya
1438,Steve Madden,Bengee Cross Strap Slide Sandals,299224,Ya
1439,New Look,Finster   Sneakers,129103,Tidak
1440,Jack & Jones,Blade Sneakers,249157,Tidak
1441,Reebok,Workout LO Clean ID,460238,Tidak
1442,Under Armour,Ripple MTL,335285,Tidak
1443,Le Confort,Wide Double Strap Sandals,199100,Tidak
1444,Robert Wood,Cross Strap Sandals,6955,Tidak
1445,Reebok,DMX Fusion Lite N,520312,Tidak
1446,Topman,Bryant Derby Shoes,175105,Ya
1447,Nike,SB Portmore II SLR,349209,Tidak
1448,Diesel,S-Danny Camo Sneakers,989593,Tidak
1449,Jack & Jones,Bromley  Lace Ups,295221,Tidak
1450,Onitsuka Tiger,GSM,415249,Tidak
1451,adidas Originals,Tubular Shadow PK,550413,Tidak
1452,Aldo,Royton Slip On,499250,Ya
1453,Comfort Plus,Leather Arabic Sandals,175158,Tidak
1454,Calvin Klein,Logo Flipflops,173104,Tidak
1455,Crime London,Sprint Sneakers,935608,Tidak
1456,Aldo,Nedeleg Sneaker,299254,Ya
1457,Call It Spring,Naudien Sneakers,249149,Tidak
1458,Steve Madden,Peru Sandals,399200,Ya
1459,Converse,Chuck Taylor 70,377283,Tidak
1460,Converse,One Star,346208,Tidak
1461,Under Armour,RailFit TXT,524354,Tidak
1462,Puma,Suede 90681,495297,Tidak
1463,Robert Wood,Classic Formal Slip Ons,12997,Tidak
1464,Asics,GEL-VT V,499299,Tidak
1465,Robert Wood,Perforated Driver Moccasins,12997,Tidak
1466,Aldo,Cowien Sneakers,299179,Tidak
1467,Tommy Hilfiger,Corporate Leather Detail Sneakers,645484,Tidak
1468,Seventy Five,Flexible Slip Ons,11965,Tidak
1469,Polo Ralph Lauren,Thompson Slip Ons,380247,Tidak
1470,Aldo,Qasien Sandals,299179,Tidak
1471,Steve Madden,Secured Sandals,199119,Tidak
1472,Aldo,Kaenawiel Slide Velcro Sandals,199119,Tidak
1473,Call It Spring,Laoven Sneakers,320192,Tidak
1474,Nike,Mercurial Superfly 6 Elite FG,12991169,Tidak
1475,Puma,Avid Fusefit,630378,Tidak
1476,Kurt Geiger London,Alverez Sneakers,480288,Ya
1477,G-Star Raw,Logo Strap Casual Slides,169101,Tidak
1478,Topman,Striped Casual Sneakers,13584,Tidak
1479,Steve Madden,Badi Sandals,279140,Tidak
1480,Steve Madden,Africa Cross Strap Sandals,399200,Tidak
1481,Ecco,Melbourne Slip ons,649487,Ya
1482,adidas Originals,Gazelle,425255,Tidak
1483,Seventy Five,Faux Fur Lining High Top Sneakers,12984,Ya
1484,Reebok,Astroride Flex Tr,470447,Tidak
1485,Nike,Air Max 1,669368,Tidak
1486,Tommy Hilfiger,Iconic Neoprene Sock Runner,475404,Tidak
1487,Asics,GEL-Kayano 5 OG,615461,Ya
1488,Diesel,S-rv Sneakers,635381,Tidak
1489,Ecco,Vitrus III Lace Ups,849637,Tidak
1490,New Look,Casual Slip Ons,8949,Tidak
1491,Reebok,Revenge Plus MU,520260,Tidak
1492,Tommy Hilfiger,Colour Block Heel Lace Ups,645387,Tidak
1493,Nike,Epic React Flyknit,749637,Tidak
1494,Asics,Fuzetora,395246,Tidak
1495,Le Confort,Formal Lace ups,449269,Tidak
1496,Le Coq Sportif,LCS R800,460345,Tidak
1497,Tommy Hilfiger,Casual Slides,239143,Tidak
1498,Asics,GEL - Lyte,445334,Ya
1499,Crime London,Beat Sneakers,749562,Tidak
1500,Call It Spring,Casual Sneakers,289217,Tidak
1501,Slydes,Cali Logo Pool Slides,9571,Ya
1502,Aldo,Zeviel Lace Ups,479407,Tidak
1503,Call It Spring,Meriwen Slip Ons,219131,Tidak
1504,Aldo,Fildes Slip Ons,469399,Ya
1505,Le Coq Sportif,Courtset,325244,Tidak
1506,Le Confort,Cross Strap Sandals,299150,Tidak
1507,Asics,GEL - Lyte,445267,Ya
1508,Aldo,Umenalla Slip Ons,469446,Tidak
1509,Polo Ralph Lauren,Performance Train 200 Sneaker,720540,Tidak
1510,adidas Originals,adicolor Campus,420241,Tidak
1511,Le Confort,Cross Strap Sandals,299179,Tidak
1512,Seventy Five,Casual Sneakers,16080,Tidak
1513,Call It Spring,Naniel Lace Ups,299239,Tidak
1514,Steve Madden,Casual  Sneakers,329197,Tidak
1515,Puma,BMW  Leadcat,210168,Tidak
1516,Nike,Air Max 90 Essential,700525,Tidak
1517,Aldo,Tralisien Slip On,549280,Tidak
1518,Puma,Suede Classic x Chain,455284,Tidak
1519,Converse,Chuck Taylor 70,377226,Ya
1520,Vans,UltraRange 3D,499399,Tidak
1521,Topman,Mantis Weave Open Sandals,199129,Tidak
1522,Diesel,S-Millenium Sneakers,985788,Tidak
1523,Skechers,Go Vulc - Slick,240192,Tidak
1524,Vans,Gum Block Classic Slip Ons,249149,Tidak
1525,Lyle & Scott,Burchill Sneakers,375225,Tidak
1526,Steve Madden,Delish Mule Loafers,399200,Tidak
1527,Call It Spring,Scrobb Lace Ups,239143,Ya
1528,SALSA,Perforated Espadrilles,345276,Tidak
1529,Converse,Chuck Taylor All Star,293220,Tidak
1530,adidas Originals,Campus,425287,Ya
1531,Brave Soul,Ollieb Sneakers,10954,Tidak
1532,Tommy Jeans,TJ85 Basket Sneakers,469352,Tidak
1533,Vans,Anaheim Factory Slip Ons 47 V DX,289159,Ya
1534,Reebok,Workout Plus ATI 90s,480360,Tidak
1535,Call It Spring,Dunn Sneakers,209105,Tidak
1536,Nike,Vapor 12 Club CR7 FG,359233,Tidak
1537,Aldo,Ocilacien Slipons,279153,Tidak
1538,adidas,Copa 19.3 FG,350210,Tidak
1539,Asics,Lyte - Trainer,360216,Tidak
1540,Aldo,Crirevia Flip Flops,15069,Tidak
1541,Reebok,Workout Plus,415332,Tidak
1542,Aldo,Brilisen Sneaker,299194,Ya
1543,Nike,SB Zoom Bruin Ultra NBA,469293,Tidak
1544,adidas Originals,N-5923,425255,Tidak
1545,Robert Wood,Classic Oxford Lace Ups,12997,Tidak
1546,Seventy Five,Jute Detail Casual Lace Ups,9974,Tidak
1547,Aldo,Vigodia Sandal,309232,Ya
1548,Call It Spring,Palazzino Slip Ons,279209,Ya
1549,Aldo,Carufel Slip Ons,269164,Tidak
1550,Robert Wood,Formal lace Ups,129106,Tidak
1551,Robert Wood,Formal Derby Lace Ups,12990,Tidak
1552,Diesel,S-Kbay Camo Sneakers,979783,Ya
1553,Slydes,Carter Slides,11960,Tidak
1554,Steve Madden,Fielder Sneakers,299194,Tidak
1555,Reebok,Sock Run_R,1045627,Tidak
1556,Seventy Five,Casual Sneakers,11965,Tidak
1557,Steve Madden,Finlee Slip Ons,399200,Tidak
1558,Le Confort,Cross Strap Sandals,199100,Tidak
1559,Ecco,Cool 2.0 Sneakers,1099824,Tidak
1560,Vans,Marvel Slip Ons,249149,Tidak
1561,Tommy Hilfiger,Fashion Suede  Cupsole Sneakers,605363,Tidak
1562,Timberland,CityRoam Cup Alpine CHK,489391,Tidak
1563,Steve Madden,Bengee Cross Strap Slide Sandals,299150,Ya
1564,Vans,Mountain Edition,329165,Ya
1565,Ted Baker,Uurll Sneakers,640309,Tidak
1566,Polo Ralph Lauren,Sayer Sneakers,480408,Tidak
1567,adidas,Cosmic 2,300255,Tidak
1568,Call It Spring,Larurwen Sandals,209125,Ya
1569,Aldo,Etianna Slip Ons,469299,Tidak
1570,adidas Originals,Forest Grove,375225,Tidak
1571,Polo Ralph Lauren,Train100 Sneakers,575345,Tidak
1572,Tommy Hilfiger,Lewis Hamilton Hybrid High Top,719395,Tidak
1573,Call It Spring,Areadien Slip Ons,239140,Tidak
1574,Call It Spring,Palazzino Slip Ons,279237,Ya
1575,Aldo,Vigodia Sandal,309247,Ya
1576,Ecco,Melbourne Lace Ups,699524,Tidak
1577,Polo Ralph Lauren,Whitlebury II Flip Flops,15090,Ya
1578,Le Confort,Cross Strap Sandals,399239,Tidak
1579,Tommy Hilfiger,Flag Detail Sneakers,559447,Tidak
1580,Tommy Hilfiger,Pastel Sneaker,495421,Tidak
1581,Aldo,Niccolaio Boat Shoe,329263,Tidak
1582,Seventy Five,Casual Slip Ons,14559,Tidak
1583,Converse,Chuck Taylor All Star 1970s,377207,Tidak
1584,Asics,GEL-Kayano 5 OG,615400,Ya
1585,Puma,Avid RPLNT,630504,Tidak
1586,Aldo,Mardorien Lace Ups,469235,Tidak
1587,Puma,RS-100 Futro,450401,Tidak
1588,Robert Wood,Formal Classic Slip Ons,11995,Ya
1589,Nike,Free RN 5.0,549329,Tidak
1590,Asics,GEL-PTG Mickey,475285,Tidak
1591,Selected Homme,David Grain Casual Sneakers,514283,Tidak
1592,Steve Madden,Beliz Sandals,279140,Tidak
1593,Converse,Chuck Taylor All Star 1970s,367239,Tidak
1594,Nike,Runallday,329,Tidak
1595,adidas,Duramo 9,299,Tidak
1596,adidas,D.O.N. Issue #1,499,Tidak
1597,Jack & Jones,Vision Classic Chambray Sneakers,165,Tidak
1598,Jack & Jones,Mike Mesh Sneakers,219,Tidak
1599,Reebok,Speed Flexweave TR,520,Tidak
1600,Nike,Tanjun,369,Tidak
1601,Nike,Mamba 5,549,Tidak
1602,Puma,Ferrari Kart Cat III,390,Tidak
1603,Nike,Jordan Break Slide,229,Tidak
1604,Aldo,Legadosen Loafers,499,Tidak
1605,Nike,Mercurial Vapor Club 12 IC,279,Tidak
1606,adidas,Courtsmash,249,Tidak
1607,adidas,Alphaboost,699,Tidak
1608,Reebok,Express Runner 2.0 ,290,Tidak
1609,adidas Originals,Nizza,300,Tidak
1610,adidas,Adizero Prime,899,Tidak
1611,Skechers,Dynamight 2.0,215,Ya
1612,New Look,Davenport Slip Ons,85,Tidak
1613,adidas,Alphabounce Beyond,475,Tidak
1614,Aldo,Darcel Lace ups,469,Tidak
1615,adidas Originals,Deerupt Runner,550,Tidak
1616,New Look,Orlando Canvas Lace Ups,85,Tidak
1617,Reebok,Classic Nylon,340,Tidak
1618,EA7 Emporio Armani,Spirit  Basic Sneakers,745,Tidak
1619,Slydes,Cali Basic Slides,135,Tidak
1620,Robert Wood,Faux Leather Driver Moccasins,139,Ya
1621,Nike,Tiempo Legend 7 Club FG,279,Tidak
1622,Under Armour,Slingride 2,479,Tidak
1623,Polo Ralph Lauren,Millard Boat Slip Ons,675,Tidak
1624,Brave Soul,Snake Flip Flops,29,Tidak
1625,Vans,David Bowie Classic Slip-On,269,Tidak
1626,Asics,GEL-DS Trainer OG,570,Tidak
1627,Jack & Jones,Stellar Logo Sneakers,185,Tidak
1628,Tommy Hilfiger,Elevated Material Mix Moccasins,629,Tidak
1629,Lacoste,Croco 119 Logo  Slides,139,Tidak
1630,Tommy Hilfiger,Espadrille Slipons,349,Tidak
1631,Topman,Matta Brogue Laceups,295,Tidak
1632,Aldo,Mireralla Sneakers,339,Tidak
1633,Seventy Five,Odd Stripes Sandals,49,Tidak
1634,Burton,Bryer Derby Lace ups,149,Tidak
1635,Polo Ralph Lauren,Hanford Ne Sneakers,385,Tidak
1636,Nike,Odyssey React 2 Flyknit,699,Tidak
1637,Robert Wood,Perforated Moccasins,129,Tidak
1638,Havaianas,Star Wars Flip Flops,130,Tidak
1639,Topman,Tassel Loafers      ,199,Tidak
1640,Seventy Five,Casual Sneakers,139,Ya
1641,adidas Originals,Stan Smith,475,Ya
1642,Call It Spring,Franklins Slip ons,279,Ya
1643,Jack & Jones,Minimalist Sneakers,215,Tidak
1644,adidas,Nemeziz 18.3 IN,400,Tidak
1645,Vans,Harry Potter Marauders Classic Slip Ons,269,Tidak
1646,Topman,Sharp Brogue Shoes,275,Tidak
1647,Le Coq Sportif,Nationale,290,Tidak
1648,Tommy Hilfiger,Corporate Webbing Beach Flip Flops,169,Tidak
1649,Robert Wood,Faux Suede Bow Detail Loafers,139,Tidak
1650,Burton,Casual Moccasins,99,Ya
1651,Nike,Lunar Fingertrap TR,349,Tidak
1652,New Balance,220,315,Tidak
1653,Vans,Classic Slip Ons,239,Tidak
1654,adidas Originals,EQT Support Mid ADV,550,Tidak
1655,New Balance,247,399,Tidak
1656,adidas,Purebounce+ Street,375,Tidak
1657,Diesel,S-Kbay Sneakers,919,Ya
1658,Robert Wood,Wing Cap Brogue Causal Slip Ons,119,Tidak
1659,Nike,Tanjun,370,Tidak
1660,Puma,Zeta Suede,410,Tidak
1661,Birkenstock,Arizona Sandals,429,Tidak
1662,Reebok,Club C 85 EL,375,Tidak
1663,Puma,Smash V2 Slip On,270,Tidak
1664,Aldo,Ulmer Sneakers,399,Ya
1665,Asics,Patriot 10,265,Tidak
1666,Burton,Casual Sneakers,175,Tidak
1667,Vans,Sk8 Hi Sneakers,293,Ya
1668,Call It Spring,Ozan Slip ons,199,Tidak
1669,Burton,Carpenter Chelsea Boots,225,Tidak
1670,Under Armour,Forge 96 Leatherrflt,599,Tidak
1671,Fila,Drifter Rugby Slide,155,Tidak
1672,Nike,SB Check Solar Canvas,329,Tidak
1673,Superdry,Vintage Court Sneakers,229,Tidak
1674,Puma,Future Runner,320,Tidak
1675,Puma,Mantra Caution,450,Tidak
1676,adidas Originals,Samba RM,600,Tidak
1677,Ted Baker,Eshron Text Am Sneakers,379,Ya
1678,Polo Ralph Lauren,Thompson Slip On Sneaker,380,Ya
1679,adidas Originals,Prophere,550,Tidak
1680,Reebok,Speed TR Flexweave,520,Tidak
1681,adidas,Pro Spark 2018 Low,275,Tidak
1682,Robert Wood,Faux Suede Casual Slip Ons,119,Tidak
1683,Nike,Tiempo Legend Club 7 TF,279,Tidak
1684,Vans,Authentic,249,Tidak
1685,Asics,GEL-Kayano 25,835,Tidak
1686,Havaianas,Photoprint Flip Flops,120,Tidak
1687,Under Armour,Project Rock 1,699,Tidak
1688,Asics,GEL-Kayano 5.1,490,Ya
1689,Nike,Legend 7 Academy TF,369,Tidak
1690,Vans,Style 36 Decon SF,329,Tidak
1691,adidas,Questar Ride,350,Tidak
1692,Brave Soul,Striped Slides,4932,Tidak
1693,Tommy Hilfiger,Logo  Flag Pool Slides,239,Tidak
1694,Burton,Essential Slip Ons,145,Tidak
1695,Ted Baker,Fually Lace Ups,569,Tidak
1696,Lacoste,Court Master Sneakers,465,Tidak
1697,Puma,Thunder Spectra,590,Tidak
1698,adidas,Ultraboost,750,Tidak
1699,Nike,Flex Experience RN 8,369,Tidak
1700,Asics,Gelsaga Sou Knit,440,Tidak
1701,adidas Originals,3MC Vulc Beavis and Butthead,350,Tidak
1702,adidas,UltraBoost Uncaged,750,Tidak
1703,Reebok,Print Lite Rush 2.0,395,Tidak
1704,Nike,Court Royale Suede,345,Tidak
1705,Le Confort,Classic Sneakers,299179,Tidak
1706,Ecco,Off Road Sandals,749562,Tidak
1707,adidas Originals,Marathon Tech,600,Tidak
1708,Under Armour,Adapt,379,Tidak
1709,Under Armour,Anomaly,399,Tidak
1710,Asics,GEL-Quantum 180 4,625,Tidak
1711,Converse,One Star,299,Ya
1712,Fila,Spoiler SLV,440,Tidak
1713,Reebok,Ex-O-Fit Hi,415332,Tidak
1714,Puma,Mantra Heat Map,480,Tidak
1715,Vans,Anaheim Factory Authentic 44 DX,279,Tidak
1716,New Balance,574,419,Tidak
1717,Puma,RS-X Tracks,520,Tidak
1718,Reebok,Aztrek 96,480,Tidak
1719,Nike,Air Max Motion 2,549,Tidak
1720,Vans,Old Skool 36 DX Sneakers,309,Tidak
1721,Seventy Five,Casual Slipons,12551,Tidak
1722,Nike,Odyssey React 2 FK GPX,699,Tidak
1723,Puma,Suede Classic,380,Tidak
1724,Robert Wood,Comfort Thong Sandals,89,Tidak
1725,Nike,Zoom Evidence III,499,Tidak
1726,adidas Originals,Pro Model,475,Tidak
1727,Topman,Suede Atlas Chukka Boots,275,Tidak
1728,Vans,Harry Potter ComfyCush SK8-Hi,359,Tidak
1729,New Balance,574 Sports,525,Tidak
1730,New Balance,997H,449,Tidak
1731,Vans,Classic Slip-On,249,Tidak
1732,Skechers,Go Run Fast,265,Tidak
1733,Nike,Zoom Fly 1% Flyknit,829,Tidak
1734,Nike,Air Precision II,399,Tidak
1735,Puma,Speed 600 Fusefit,590,Tidak
1736,Tommy Hilfiger,Lightweight Knit Flag Runners,459,Tidak
1737,Nike,Phantom Venom Club IC,299,Tidak
1738,Reebok,Boxing Boot - Buck,500,Tidak
1739,Robert Wood,Classic Moccasins,139,Tidak
1740,Under Armour,HOVR Phantom SE,699,Tidak
1741,Nike,Stefan Janoski Max,649,Tidak
1742,Jack & Jones,Duncan Sneakers,369,Tidak
1743,Asics,GEL-Contend 5,290,Tidak
1744,Nike,Vapor Elite 12 FG,1169,Tidak
1745,Asics,GEL-Pulse 11,445,Tidak
1746,Birkenstock,Arizona Double Strap Sandals,469,Ya
1747,Nike,Metcon Flyknit 3,749,Tidak
1748,Brave Soul,Keith Sneakers,79,Tidak
1749,Asics,GEL-Torrance,310,Tidak
1750,Reebok,Royal Complete 2 LL,310,Tidak
1751,Nike,Air Zoom Vomero 14,699,Tidak
1752,Puma,RS-350 OG,495,Tidak
1753,adidas Originals,Samba OG,425,Ya
1754,Nike,Free RN 5.0,549,Tidak
1755,Nike,Ebernon Low Premium,399,Tidak
1756,Reebok,Royal Complete 2LL,310,Tidak
1757,Reebok,Astroride Strike,340,Tidak
1758,Asics,GEL-Quantum 360 Knit,890,Tidak
1759,adidas,Adissage Slides,145,Tidak
1760,Jack & Jones,Neptune Fusion Sneakers,295,Ya
1761,Puma,Escaper Pro,255,Tidak
1762,Reebok,Workout Plus,415,Tidak
1763,adidas Originals,LA Trainer OG,505,Tidak
1764,Nike,Lunargato II,469,Tidak
1765,Puma,California,410,Tidak
1766,Vans,Slip-On Cap,269,Tidak
1767,adidas,Copa 19.3 TF,350,Tidak
1768,Aldo,Rosburgo Lace ups,669,Tidak
1769,Vans,David Bowie SK8-Hi,329,Tidak
1770,Reebok,Forever Floatride Energy,520,Tidak
1771,adidas,Nemeziz 18.4 FG,275,Tidak
1772,Onitsuka Tiger,Horizonia,440,Tidak
1773,adidas Originals,Continental 80,650,Tidak
1774,Nike,Mercurial Superfly 6 Club CR7 FG,439,Tidak
1775,Nike,Phantom Academy VSN DF FG,469,Tidak
1776,adidas,Nemeziz Messi Tango TF,375,Tidak
1777,adidas Originals,Samba OG,425,Tidak
1778,adidas,Predator 19.3 FG,400,Tidak
1779,Under Armour,Forge 96 SPRT,599,Tidak
1780,Nike,Mercurial Superflyx 6 Club CR7 IC,439,Tidak
1781,Nike,Superfly Pro 6 FG,769,Tidak
1782,Seventy Five,2 Pack Bondi Flip-flops,39,Tidak
1783,Topman,Bryant Derby Shoes,175,Ya
1784,Vans,Slip-On 47 V,269,Tidak
1785,adidas,X 18.3 FG,400,Tidak
1786,Nike,Metcon 4 XD,649,Tidak
1787,Nike,Ebernon Mid SE,399,Tidak
1788,Puma,Basket Classic LFS,410,Tidak
1789,adidas,Copa 19.3 FG,350,Tidak
1790,Puma,Cell Venom,560,Tidak
1791,Vans,Era Sneakers,249,Tidak
1792,Brave Soul,Socks Sneakers,159,Tidak
1793,Nike,Mercurial Superfly Elite 6 FG,1299,Tidak
1794,Asics,GEL-Excite 6,365,Tidak
1795,Vans,Classic Slip-On,249162,Tidak
1796,Nike,Phantom VSN Academy IC,399,Tidak
1797,Puma,Cell Endura,630,Tidak
1798,Seventy Five,Tahlia Bedroom Slippers,4939,Tidak
1799,Asics,Hyper GEL - Lyte,550358,Ya
1800,Vans,Mountain Edition,329214,Ya
1801,Ecco,Scinapse Sneakers,749562,Tidak
1802,Seventy Five,Casual Sneakers,13559,Tidak
1803,Jack & Jones,Stoke Nubuck Boots,295177,Tidak
1804,adidas,Nemeziz Tango 18.3 IN,375225,Tidak
1805,Nike,Benassi JDI Slides,149104,Tidak
1806,Steve Madden,Fulton Sneakers,299179,Ya
1807,Seventy Five,Faux Fur Lining High Top Sneakers,12952,Ya
1808,Nike,GTS '16 TXT,345241,Tidak
1809,Brave Soul,Mateo Velcro Slides,4932,Ya
1810,Hype,Crest One Strap,8559,Ya
1811,adidas Originals,I-5923,600375,Ya
1812,Aldo,Lintlaw Boot,710533,Tidak
1813,adidas,X 18.4 FG,275179,Tidak
1814,Nike,Mercurial SuperflyX 6 Club TF,365310,Tidak
1815,Nike,Grandstand II Premium,529317,Ya
1816,Nike,Grandstand II Premium,529397,Ya
1817,Under Armour,Curry 5,839503,Tidak
1818,Jack & Jones,Flint Mixed Boots,369332,Tidak
1819,adidas Originals,Deerupt Runner,550413,Tidak
1820,Puma,Hybrid Runner,460391,Tidak
1821,Nike,Mercurial Superflyx 6 Academy TF,449427,Tidak
1822,adidas,Nemeziz Tango 18.4 TF,275206,Tidak
1823,Nike,Vapor 12 Academy FG,399239,Tidak
1824,adidas Originals,I-5923,600360,Ya
1825,adidas,Nemeziz Tango 17.3 TF,395316,Tidak
1826,Nike,Free TR8,499399,Tidak
1827,Vans,Court Icon,269175,Tidak
1828,Polo Ralph Lauren,Merton Boat Shoe,595446,Tidak
1829,adidas,Predator 18.1 FG,1000650,Tidak
1830,adidas,Pro Elevate 2018,375300,Tidak
1831,adidas,Nemeziz 17.3 FG,395238,Tidak
1832,Vans,Gum Block Authentic,249162,Tidak
1833,Nike,Jordan Fly Lockdown,555472,Tidak
1834,Nike,Ebernon Low PREM,399239,Tidak
1835,Vans,Old Skool,289145,Tidak
1836,Nike,Mercurial Vapor Academy 12 FG,399259,Tidak
1837,Polo Ralph Lauren,Karlyle Desert Boot,850638,Tidak
1838,Nike,Arrowz SE,455342,Tidak
1839,Nike,Mercurial Vaporx 12 Pro TF,499299,Tidak
1840,Asics,RoadHawk FF 2,520390,Tidak
1841,Puma,Shoku Koinobori,460299,Tidak
1842,adidas Originals,Pharrell Williams Hu Holi Stan Smith,475261,Tidak
1843,Timberland,"Killington 6"" Boots",629503,Tidak
1844,Nike,Tanjun Racer,389311,Tidak
1845,adidas,Fluidcloud CC Ambit,315280,Tidak
1846,Nike,Court Royale,299224,Tidak
1847,adidas Originals,Sobakov,550358,Ya
1848,Le Confort,Casual Loafers,299150,Tidak
1849,J.Crew,Kenton Cap Toe Boot,919505,Tidak
1850,Nike,Metcon Repper DSX,495396,Tidak
1851,Nike,Zoom Stefan Janoski,449269,Tidak
1852,Lacoste,Casual Sneakers,515438,Tidak
1853,Nike,Ebernon Mid PREM,449269,Tidak
1854,Nike,Jordan DNA,525499,Tidak
1855,Nike,Mercurial Superflyx 6 Club TF,370315,Tidak
1856,Nike,Air Max Vision,599359,Tidak
1857,adidas Originals,Sobakov,550330,Ya
1858,Timberland,FlyRoam Leather Hiker,598309,Tidak
1859,Seventy Five,Casual Sneakers,13554,Tidak
1860,Nike,Benassi JDI TXT SE Slides,299179,Ya
1861,Superdry,Low Pro Sneakers,14989,Ya
1862,Nike,Mercurial Vapor 12 Club FG/MG,279181,Tidak
1863,Lacoste,Esparre Deck Lace Up Sneakers,469352,Tidak
1864,Nike,Jordan Hydro 7 Slides,349175,Ya
1865,Nike,Lunar Fingertrap TR,349279,Tidak
1866,Nike,GTS '16 Textile,345198,Tidak
1867,adidas Originals,Nizza,325203,Ya
1868,Nike,Mercurial Victory VI DF FG,419335,Tidak
1869,adidas,Adilette Slides,180126,Tidak
1870,Timberland,Killington Chukka,577418,Tidak
1871,Nike,Ebernon Low,369295,Ya
1872,Nike,Hypervenom Phatal III DF FG,859451,Tidak
1873,Steve Madden,Versus Sneakers,349192,Tidak
1874,Nike,Phantom 3 Academy FG,399259,Tidak
1875,adidas,Nemeziz 18.1 FG,1000625,Tidak
1876,Call It Spring,Malsburg Boots,369221,Tidak
1877,Nike,Mercurial Vortex III NJR IC,315241,Tidak
1878,adidas,Copa 19.4 FG,240156,Tidak
1879,Puma,Spirit II FG,210137,Tidak
1880,Seventy Five,Casual Sneakers,14058,Tidak
1881,Kurt Geiger London,Billington Boots,775581,Tidak
1882,Burton,Casual Slip Ons,19598,Tidak
1883,Nike,Ebernon Low PREM,399219,Tidak
1884,adidas,Predator 18.1 FG,1000750,Tidak
1885,Reebok,Run Supreme 4.0,260231,Tidak
1886,Lacoste,Lerond Sneakers,359305,Tidak
1887,Nike,Mercurial Superflyx 6 Club TF,369221,Tidak
1888,Puma,Speed Racer,540405,Tidak
1889,Nike,Ebernon Mid Winter,499299,Tidak
1890,adidas,Nemeziz 18.4 FG,275151,Tidak
1891,Nike,Mercurial Vaporx 12 Club IC,279181,Tidak
1892,adidas,X 18.3 FG,375253,Tidak
1893,Nike,Epic React Flyknit,749667,Tidak
1894,Burton,Toby Toe Cap Derby Smart Lace- ups,299224,Tidak
1895,Timberland,"Radford 6"" Boot WP",649519,Tidak
1896,Jack & Jones,Bromley  Lace Ups,295177,Tidak
1897,Nike,Solay Thong,149119,Tidak
1898,Polo Ralph Lauren,Sherwin Sneakers,380285,Tidak
1899,adidas,Predator Tango 18.3,415228,Tidak
1900,Nike,Mercurial Neymar JR Vapor 12 Pro FG,649340,Tidak
1901,adidas Originals,Superstar Foundation,455364,Tidak
1902,Nike,Free Trainer V8,499399,Tidak
1903,adidas,Nemeziz 18.3 FG,375244,Tidak
1904,Nike,SB Zoom P-Rod X,449269,Tidak
1905,Nike,Jordan Hydro 7 Slides,299254,Tidak
1906,Nike,MD Runner 2 ENG Mesh,399319,Tidak
1907,Call It Spring,Carpignone Double Strap  Sandals,209125,Tidak
1908,Slydes,Cruz M Pool Slide,12581,Tidak
1909,Cotton On,Bondi Flip Flops,2518,Tidak
1910,Diesel,Laced Running Shoes,835418,Tidak
1911,Jack & Jones,Stoke  Boots,329247,Tidak
1912,Nike,Air Max Infuriate 2 Low,419356,Tidak
1913,adidas,X Tango 18.3 TF,375244,Tidak
1914,G-Star Raw,Cart Slide Casual Sandals,169110,Tidak
1915,Nike,Jordan Superfly MVP,729437,Tidak
1916,New Balance,Lazr NXT,449269,Tidak
1917,Nike,Dualtone Racer,469364,Tidak
1918,Steve Madden,Togo Sandals,399200,Tidak
1919,Nike,Jordan Hydro 7 Slides,349218,Ya
1920,Puma,One 4 Synthetic FG,240204,Tidak
1921,Nike,Romaleos 3,949569,Tidak
1922,adidas Originals,Adi-Ease Kung-Fu,305229,Tidak
1923,Seventy Five,Casual High Top Sneakers,12977,Tidak
1924,Lacoste,Court Master Sneakers,465349,Tidak
1925,Nike,Odyssey React 2 Flyknit,699419,Tidak
1926,Nike,Ebernon Low,369277,Ya
1927,adidas,Predator 18.1 FG,1000550,Tidak
1928,J.Crew,Casual Boots,1099659,Tidak
1929,Nike,Vaporx 12 Academy IN,399239,Tidak
1930,Nike,Free RN 2018,529344,Tidak
1931,Puma,Naturel Suede,455228,Tidak
1932,Nike,Free Trainer V7,475380,Tidak
1933,adidas,Nemeziz 17.3 FG,395217,Tidak
1934,adidas,Pro Bounce 2018 Low,550523,Tidak
1935,adidas,Nemeziz Tango 18.3 TF,375244,Tidak
1936,Puma,Future 2.4 FG,255191,Tidak
1937,Nike,Pantheos,449269,Tidak
1938,Lacoste,Jouer Slipons,420273,Tidak
1939,adidas,Predator 18.3 FG,395294,Tidak
1940,adidas,Predator Tango 18.3 TF,375225,Tidak
1941,Nike,Mercurial Superfly 6 Club FG/MG,369185,Tidak
1942,Nike,Air Max Axis PREM,569341,Tidak
1943,Timberland,6 In Premium Boot,699664,Tidak
1944,Nike,Glide React,629503,Tidak
1945,Nike,Kevin Durant XI,729583,Tidak
1946,Nike,Air Max Motion LW SE,525394,Tidak
1947,Puma,Ignite Limitless 2,495371,Tidak
1948,adidas,Nemeziz 18.3 FG,375225,Tidak
1949,EA7 Emporio Armani,Cult Vintage Sneaker,490368,Tidak
1950,Nike,Air Max 270 Futura,699524,Tidak
1951,Kurt Geiger London,Donnie 2 Sneakers,583350,Tidak
1952,Nike,SB Zoom P-Rod X,450270,Tidak
1953,adidas,Predator 18.3 FG,395207,Tidak
1954,adidas,Predator Tango 18.4 TF,275234,Tidak
1955,Nike,Vaporx 12 Academy CR7 TF,489391,Tidak
1956,Nike,Nightgazer LW SE,449269,Tidak
1957,Nike,Hyperdunk X Low,649422,Tidak
1958,adidas,Crazytrain LT,375319,Tidak
1959,Lacoste,Esparre Laceups Sneakers,515386,Tidak
1960,Seventy Five,Casual Sneakers,13561,Tidak
1961,Kurt Geiger London,Balfour Boots,735441,Tidak
1962,adidas,Athletics 24,475344,Tidak
1963,Nike,Phantom VSN Elite DF FG,1299650,Tidak
1964,adidas,Predator Tango 18.3,400200,Tidak
1965,adidas Originals,Iniki Runner,560308,Tidak
1966,Puma,Outlaw Avid Shield,680544,Tidak
1967,Vans,Anaheim Factory Era 95 DX,289145,Tidak
1968,Puma,BMW Drift Cat 7,450360,Tidak
1969,FitFlop,Ergonomic Flip-Flops,95,Tidak
1970,FitFlop,Trakk II Flip Flops,405,Ya
1971,FitFlop,Textured Arabic Sandals,449,Tidak
1972,FitFlop,Ryker Sandals,485,Tidak
